-- ######################
-- # CREATE APPOINTMENT #
-- ######################

-- ---------
-- DEFAULT -
-- ---------
-- JWT_User with ID c9eee8c1-e701-4a3d-8cb9-6e7cd1209aba

-- -------------
-- FOR FAILURE -
-- -------------
INSERT INTO `appointment` (`id`, `title`, `description`, `link`, `location`, `date`, `deadline`, `maxEnrollments`, `hidden`, `driverAddition`, `creatorId`, `iat`, `lud`) VALUES
('1823042c-4282-49d4-9e0f-eed859d34b62', 'test-createappointment-existinglink-title', 'test-createappointment-existinglink-description', 'test-createappointment-existinglink-link', 'test-createappointment-existinglink-location', '2021-03-01 10:05:23', '2021-01-01 20:05:23', NULL, '0', '0', NULL, '2021-03-14 20:05:23.000000', '2021-03-14 20:05:23.000000');
COMMIT;



-- ###########################
-- # GET APPOINTMENT BY LINK #
-- ###########################

-- ---------
-- DEFAULT -
-- ---------
-- JWT_User with ID 9055cf00-0911-4311-9f3e-c3813dd4e4f9 // APPOINTMENT CREATOR
-- JWT_User with ID 51a7fb18-1f44-4d13-ae30-d5e27d2621e0 // APPOINTMENT ADMIN
-- JWT_USER with ID 171bcb51-c1c9-470f-8e0b-9b36c03efcbd // APPOINTMENT PINNER
-- JWT_User with ID 0f72f964-a0b2-4347-9e52-9d2cd2441849 // ENROLLMENT CREATOR

-- ---------
-- DEFAULT -
-- ---------
INSERT INTO `appointment` (`id`, `title`, `description`, `link`, `location`, `date`, `deadline`, `maxEnrollments`, `hidden`, `driverAddition`, `creatorId`, `iat`, `lud`) VALUES
('5163f213-c168-408c-ad63-4faa7ec61ae5', 'test-getappointment-default-title', 'test-getappointment-default-description', 'test-getappointment-default-link', 'test-getappointment-default-location', '2021-03-01 10:05:23', '2021-01-01 20:05:23', NULL, '0', '0', '9055cf00-0911-4311-9f3e-c3813dd4e4f9', '2021-03-14 20:05:23.000000', '2021-03-14 20:05:23.000000');
COMMIT;


-- ------------
-- REFERENCES -
-- ------------
-- ---------------------
-- APPOINTMENT CREATOR -
-- ---------------------
INSERT INTO `appointment` (`id`, `title`, `description`, `link`, `location`, `date`, `deadline`, `maxEnrollments`, `hidden`, `driverAddition`, `creatorId`, `iat`, `lud`) VALUES
('814006b0-e4dc-4bfa-84b7-41f1cc8824de', 'test-getappointment-relations-title', 'test-getappointment-relations-description', 'test-getappointment-relations-link', 'test-getappointment-relations-location', '2021-03-01 10:05:23', '2021-01-01 20:05:23', NULL, '0', '0', '9055cf00-0911-4311-9f3e-c3813dd4e4f9', '2021-03-14 20:05:23.000000', '2021-03-14 20:05:23.000000');
COMMIT;
-- -------------------
-- APPOINTMENT ADMIN -
-- -------------------
INSERT INTO `appointment` (`id`, `title`, `description`, `link`, `location`, `date`, `deadline`, `maxEnrollments`, `hidden`, `driverAddition`, `creatorId`, `iat`, `lud`) VALUES
('e2ddb10b-4ef3-4f67-8f00-be1667ebb65c', 'test-getappointment-relations-admin-title', 'test-getappointment-relations-admin-description', 'test-getappointment-relations-admin-link', 'test-getappointment-relations-admin-location', '2021-03-01 10:05:23', '2021-01-01 20:05:23', NULL, '0', '0', '9055cf00-0911-4311-9f3e-c3813dd4e4f9', '2021-03-14 20:05:23.000000', '2021-03-14 20:05:23.000000');
COMMIT;

INSERT INTO `administrator` (`id`, `userId`, `appointmentId`) VALUES
('b7916c2c-210c-44cb-9e02-7d48c7a6891b', '51a7fb18-1f44-4d13-ae30-d5e27d2621e0', 'e2ddb10b-4ef3-4f67-8f00-be1667ebb65c');
COMMIT;
-- --------------------
-- ENROLLMENT CREATOR -
-- --------------------
INSERT INTO `appointment` (`id`, `title`, `description`, `link`, `location`, `date`, `deadline`, `maxEnrollments`, `hidden`, `driverAddition`, `creatorId`, `iat`, `lud`) VALUES
('02ff5aff-d1a3-40f9-a6ca-21cfc36f701c', 'test-getappointment-relations-enrolled-title', 'test-getappointment-relations-enrolled-description', 'test-getappointment-relations-enrolled-link', 'test-getappointment-relations-enrolled-location', '2021-03-01 10:05:23', '2021-01-01 20:05:23', NULL, '0', '0', '9055cf00-0911-4311-9f3e-c3813dd4e4f9', '2021-03-14 20:05:23.000000', '2021-03-14 20:05:23.000000');
COMMIT;

INSERT INTO `enrollment` (`id`, `name`, `comment`, `creatorId`, `iat`, `lud`, `appointmentId`) VALUES
('fa002311-fa84-45dd-8b4a-fed641affb91', 'test-getappointment-relations-enrolled-name', 'test-getappointment-relations-enrolled-comment', NULL, '2021-01-01 05:05:23', '2021-03-01 05:05:23', '02ff5aff-d1a3-40f9-a6ca-21cfc36f701c'),
('d2990e80-26e0-4ad0-a953-e836d89a9bdf', NULL, 'test-getappointment-relations-enrolled-name-creator', '0f72f964-a0b2-4347-9e52-9d2cd2441849', '2021-01-01 05:09:23', '2021-03-01 05:09:23', '02ff5aff-d1a3-40f9-a6ca-21cfc36f701c');
COMMIT;
-- --------------------
-- APPOINTMENT PINNER -
-- --------------------
INSERT INTO `appointment` (`id`, `title`, `description`, `link`, `location`, `date`, `deadline`, `maxEnrollments`, `hidden`, `driverAddition`, `creatorId`, `iat`, `lud`) VALUES
('9acaa38a-377d-4a69-b1ea-95042fde741a', 'test-getappointment-relations-pinned-title', 'test-getappointment-relations-pinned-description', 'test-getappointment-relations-pinned-link', 'test-getappointment-relations-pinned-location', '2021-03-01 10:05:23', '2021-01-01 20:05:23', NULL, '0', '0', '9055cf00-0911-4311-9f3e-c3813dd4e4f9', '2021-03-14 20:05:23.000000', '2021-03-14 20:05:23.000000');
COMMIT;

INSERT INTO `pinner` (`id`, `userId`, `appointmentId`) VALUES
('0e62cea3-b66b-492d-8ab4-5826d807f4f5', '171bcb51-c1c9-470f-8e0b-9b36c03efcbd', '9acaa38a-377d-4a69-b1ea-95042fde741a');
COMMIT;




-- ---------------------
-- WITH ADMINISTRATORS -
-- ---------------------
INSERT INTO `appointment` (`id`, `title`, `description`, `link`, `location`, `date`, `deadline`, `maxEnrollments`, `hidden`, `driverAddition`, `creatorId`, `iat`, `lud`) VALUES
('aa7a0cf0-9b32-4b74-8b52-de00d3d13e4b', 'test-getappointment-administrators-title', 'test-getappointment-administrators-description', 'test-getappointment-administrators-link', 'test-getappointment-administrators-location', '2021-03-01 10:05:23', '2021-01-01 20:05:23', NULL, '0', '0', '9055cf00-0911-4311-9f3e-c3813dd4e4f9', '2021-03-14 20:05:23.000000', '2021-03-14 20:05:23.000000');
COMMIT;

INSERT INTO `administrator` (`id`, `userId`, `appointmentId`) VALUES
('0bde968c-8649-461e-be66-dbd3ed5b956c', '51a7fb18-1f44-4d13-ae30-d5e27d2621e0', 'aa7a0cf0-9b32-4b74-8b52-de00d3d13e4b');
COMMIT;


-- ----------------
-- WITH ADDITIONS -
-- ----------------
INSERT INTO `appointment` (`id`, `title`, `description`, `link`, `location`, `date`, `deadline`, `maxEnrollments`, `hidden`, `driverAddition`, `creatorId`, `iat`, `lud`) VALUES
('229135fa-d66f-4819-a375-82995d8203e6', 'test-getappointment-additions-title', 'test-getappointment-additions-description', 'test-getappointment-additions-link', 'test-getappointment-additions-location', '2021-03-01 10:05:23', '2021-01-01 20:05:23', NULL, '0', '0', '9055cf00-0911-4311-9f3e-c3813dd4e4f9', '2021-03-14 20:05:23.000000', '2021-03-14 20:05:23.000000');
COMMIT;

INSERT INTO `addition` (`id`, `name`, `order`, `appointmentId`) VALUES
('28a03edc-cde5-4ce3-bb4c-04dcbe85f116', 'test-getappointment-additions-name-1', '0', '229135fa-d66f-4819-a375-82995d8203e6'),
('74b5eae6-1e5f-47eb-bf46-57f292f56e44', 'test-getappointment-additions-name-2', '1', '229135fa-d66f-4819-a375-82995d8203e6'),
('16a7edc6-c403-446f-89a1-f1a1d61f9ec9', 'test-getappointment-additions-name-3', '2', '229135fa-d66f-4819-a375-82995d8203e6'),
('ee59654b-b6cf-4ea2-81a2-8d097a54bd44', 'test-getappointment-additions-name-4', '3', '229135fa-d66f-4819-a375-82995d8203e6');
COMMIT;


-- ------------------
-- WITH ENROLLMENTS -
-- ------------------
-- ---------
-- DEFAULT -
-- ---------
INSERT INTO `appointment` (`id`, `title`, `description`, `link`, `location`, `date`, `deadline`, `maxEnrollments`, `hidden`, `driverAddition`, `creatorId`, `iat`, `lud`) VALUES
('8d397266-75f5-413c-a9b4-3237e50c7852', 'test-getappointment-enrollments-title', 'test-getappointment-enrollments-description', 'test-getappointment-enrollments-link', 'test-getappointment-enrollments-location', '2021-03-01 10:05:23', '2021-01-01 20:05:23', NULL, '0', '0', '9055cf00-0911-4311-9f3e-c3813dd4e4f9', '2021-03-14 20:05:23.000000', '2021-03-14 20:05:23.000000');
COMMIT;

INSERT INTO `enrollment` (`id`, `name`, `comment`, `creatorId`, `iat`, `lud`, `appointmentId`) VALUES
('b1bc5530-c9cc-40c1-9280-cf99ec6cc63d', 'test-getappointment-enrollments-name-1', 'test-getappointment-enrollments-comment-1', NULL, '2021-01-01 05:05:23', '2021-03-01 05:05:23', '8d397266-75f5-413c-a9b4-3237e50c7852'),
('14bba460-69d8-4238-8d79-5e2106d2998e', 'test-getappointment-enrollments-name-2', 'test-getappointment-enrollments-comment-2', NULL, '2021-01-01 05:06:23', '2021-03-01 05:06:23', '8d397266-75f5-413c-a9b4-3237e50c7852'),
('77fd09fb-f44b-4646-9e47-e45a0e8d7fc1', 'test-getappointment-enrollments-name-3', 'test-getappointment-enrollments-comment-3', NULL, '2021-01-01 05:07:23', '2021-03-01 05:07:23', '8d397266-75f5-413c-a9b4-3237e50c7852'),
('33d5cc7c-7278-4ce5-bd1d-d5a527e315c8', 'test-getappointment-enrollments-name-4', 'test-getappointment-enrollments-comment-4', NULL, '2021-01-01 05:08:23', '2021-03-01 05:08:23', '8d397266-75f5-413c-a9b4-3237e50c7852'),
('7e826bb0-0008-4503-86fa-7ea9f10525d1', NULL, 'test-getappointment-enrollments-comment-5-creator', '0f72f964-a0b2-4347-9e52-9d2cd2441849', '2021-01-01 05:09:23', '2021-03-01 05:09:23', '8d397266-75f5-413c-a9b4-3237e50c7852');
COMMIT;
-- ---------
-- HIDDEN -
-- ---------
INSERT INTO `appointment` (`id`, `title`, `description`, `link`, `location`, `date`, `deadline`, `maxEnrollments`, `hidden`, `driverAddition`, `creatorId`, `iat`, `lud`) VALUES
('e0655f6b-b2a9-42f1-8ce3-3492c1af257f', 'test-getappointment-enrollments-hidden-title', 'test-getappointment-enrollments-hidden-description', 'test-getappointment-enrollments-hidden-link', 'test-getappointment-enrollments-hidden-location', '2021-03-01 10:05:23', '2021-01-01 20:05:23', NULL, '1', '0', '9055cf00-0911-4311-9f3e-c3813dd4e4f9', '2021-03-14 20:05:23.000000', '2021-03-14 20:05:23.000000');
COMMIT;

INSERT INTO `administrator` (`id`, `userId`, `appointmentId`) VALUES
('2311d865-1537-4b26-9374-d0b2753ba5b9', '51a7fb18-1f44-4d13-ae30-d5e27d2621e0', 'e0655f6b-b2a9-42f1-8ce3-3492c1af257f');
COMMIT;

INSERT INTO `enrollment` (`id`, `name`, `comment`, `creatorId`, `iat`, `lud`, `appointmentId`) VALUES
('76975e00-00d2-4b38-b300-4f30d7c2d9de', 'test-getappointment-enrollments-hidden-name-1', 'test-getappointment-enrollments-hidden-comment-1', NULL, '2021-01-01 05:05:23', '2021-03-01 05:05:23', 'e0655f6b-b2a9-42f1-8ce3-3492c1af257f'),
('e0d6c93e-87d9-41c5-b4f5-e53e50b66acd', 'test-getappointment-enrollments-hidden-name-2', 'test-getappointment-enrollments-hidden-comment-2', NULL, '2021-01-01 05:06:23', '2021-03-01 05:06:23', 'e0655f6b-b2a9-42f1-8ce3-3492c1af257f'),
('d07dcb9c-27cd-436d-88b5-3a1bd6253d11', 'test-getappointment-enrollments-hidden-name-3', 'test-getappointment-enrollments-hidden-comment-3', NULL, '2021-01-01 05:07:23', '2021-03-01 05:07:23', 'e0655f6b-b2a9-42f1-8ce3-3492c1af257f'),
('b31c6c83-c4b3-4526-a94b-703f837be105', 'test-getappointment-enrollments-hidden-name-4', 'test-getappointment-enrollments-hidden-comment-4', NULL, '2021-01-01 05:08:23', '2021-03-01 05:08:23', 'e0655f6b-b2a9-42f1-8ce3-3492c1af257f'),
('1de9808d-b203-40c3-b6c3-184dd58bfa48', NULL, 'test-getappointment-enrollments-hidden-comment-5-creator', '0f72f964-a0b2-4347-9e52-9d2cd2441849', '2021-01-01 05:09:23', '2021-03-01 05:09:23', 'e0655f6b-b2a9-42f1-8ce3-3492c1af257f');
COMMIT;
-- -----------
-- ADDITIONS -
-- -----------
INSERT INTO `appointment` (`id`, `title`, `description`, `link`, `location`, `date`, `deadline`, `maxEnrollments`, `hidden`, `driverAddition`, `creatorId`, `iat`, `lud`) VALUES
('95245a48-ee00-4713-a74c-5b0c255b9c73', 'test-getappointment-enrollments-additions-title', 'test-getappointment-enrollments-additions-description', 'test-getappointment-enrollments-additions-link', 'test-getappointment-enrollments-additions-location', '2021-03-01 10:05:23', '2021-01-01 20:05:23', NULL, '0', '0', '9055cf00-0911-4311-9f3e-c3813dd4e4f9', '2021-03-14 20:05:23.000000', '2021-03-14 20:05:23.000000');
COMMIT;

INSERT INTO `addition` (`id`, `name`, `order`, `appointmentId`) VALUES
('1f5a1f1a-5114-403f-af2b-7d7c500b0f47', 'test-getappointment-enrollments-additions-name-1', '0', '95245a48-ee00-4713-a74c-5b0c255b9c73'),
('47c80bfd-3f31-43aa-9a9a-2c20e802c6cd', 'test-getappointment-enrollments-additions-name-2', '1', '95245a48-ee00-4713-a74c-5b0c255b9c73'),
('940758a2-2109-4f92-b6d0-deea0c6276b0', 'test-getappointment-enrollments-additions-name-3', '2', '95245a48-ee00-4713-a74c-5b0c255b9c73'),
('c7285e61-aa08-43ae-a0ee-e71a2db1db74', 'test-getappointment-enrollments-additions-name-4', '3', '95245a48-ee00-4713-a74c-5b0c255b9c73');
COMMIT;

INSERT INTO `enrollment` (`id`, `name`, `comment`, `creatorId`, `iat`, `lud`, `appointmentId`) VALUES
('5657eb58-427d-493c-ab88-1af2774572c2', 'test-getappointment-enrollments-additions-name-1-no-additions', 'test-getappointment-enrollments-additions-comment-1', NULL, '2021-01-01 05:05:23', '2021-03-01 05:05:23', '95245a48-ee00-4713-a74c-5b0c255b9c73'),
('ae279597-288b-4479-bc42-b9e887e9d958', 'test-getappointment-enrollments-additions-name-2-one-additions', 'test-getappointment-enrollments-additions-comment-2', NULL, '2021-01-01 05:06:23', '2021-03-01 05:06:23', '95245a48-ee00-4713-a74c-5b0c255b9c73'),
('83dd3d7e-de9f-4510-af91-b432c287aa96', 'test-getappointment-enrollments-additions-name-3-two-additions', 'test-getappointment-enrollments-additions-comment-3', NULL, '2021-01-01 05:07:23', '2021-03-01 05:07:23', '95245a48-ee00-4713-a74c-5b0c255b9c73'),
('ce3ad43e-5c3e-459e-8079-fd7c5c635578', 'test-getappointment-enrollments-additions-name-4-all-additions', 'test-getappointment-enrollments-additions-comment-4', NULL, '2021-01-01 05:08:23', '2021-03-01 05:08:23', '95245a48-ee00-4713-a74c-5b0c255b9c73');
COMMIT;

INSERT INTO `enrollment_addition` (`enrollmentId`, `additionId`) VALUES
('ae279597-288b-4479-bc42-b9e887e9d958', '1f5a1f1a-5114-403f-af2b-7d7c500b0f47'), /* addition 1 */
('83dd3d7e-de9f-4510-af91-b432c287aa96', '1f5a1f1a-5114-403f-af2b-7d7c500b0f47'), /* addition 1 */
('83dd3d7e-de9f-4510-af91-b432c287aa96', '940758a2-2109-4f92-b6d0-deea0c6276b0'), /* addition 3 */
('ce3ad43e-5c3e-459e-8079-fd7c5c635578', '1f5a1f1a-5114-403f-af2b-7d7c500b0f47'), /* addition 1 */
('ce3ad43e-5c3e-459e-8079-fd7c5c635578', '47c80bfd-3f31-43aa-9a9a-2c20e802c6cd'), /* addition 2 */
('ce3ad43e-5c3e-459e-8079-fd7c5c635578', '940758a2-2109-4f92-b6d0-deea0c6276b0'), /* addition 3 */
('ce3ad43e-5c3e-459e-8079-fd7c5c635578', 'c7285e61-aa08-43ae-a0ee-e71a2db1db74'); /* addition 4 */
COMMIT;
-- -----------------
-- DRIVER ADDITION -
-- -----------------
INSERT INTO `appointment` (`id`, `title`, `description`, `link`, `location`, `date`, `deadline`, `maxEnrollments`, `hidden`, `driverAddition`, `creatorId`, `iat`, `lud`) VALUES
('562aa8b6-fb53-4f3e-a4b5-83d51c135446', 'test-getappointment-enrollments-driver-title', 'test-getappointment-enrollments-driver-description', 'test-getappointment-enrollments-driver-link', 'test-getappointment-enrollments-driver-location', '2021-03-01 10:05:23', '2021-01-01 20:05:23', NULL, '0', '1', '9055cf00-0911-4311-9f3e-c3813dd4e4f9', '2021-03-14 20:05:23.000000', '2021-03-14 20:05:23.000000');
COMMIT;

INSERT INTO `enrollment` (`id`, `name`, `comment`, `creatorId`, `iat`, `lud`, `appointmentId`) VALUES
('05340b4f-2715-4b27-a581-31f6fd78d216', 'test-getappointment-enrollments-driver-name-1-nothing', 'test-getappointment-enrollments-driver-comment-1', NULL, '2021-01-01 05:05:23', '2021-03-01 05:05:23', '562aa8b6-fb53-4f3e-a4b5-83d51c135446'),
('490d0848-d19c-4573-a864-a13e0a0ae553', 'test-getappointment-enrollments-driver-name-2-driver', 'test-getappointment-enrollments-driver-comment-2', NULL, '2021-01-01 05:06:23', '2021-03-01 05:06:23', '562aa8b6-fb53-4f3e-a4b5-83d51c135446'),
('05b806e7-322f-474c-b355-15b6ee77fa5d', 'test-getappointment-enrollments-driver-name-3-passenger', 'test-getappointment-enrollments-driver-comment-3', NULL, '2021-01-01 05:07:23', '2021-03-01 05:07:23', '562aa8b6-fb53-4f3e-a4b5-83d51c135446');
COMMIT;

INSERT INTO `driver` (`id`, `service`, `seats`, `enrollmentId`) VALUES
('fbba726e-9dcf-4383-85a5-85ce549499bc', '1', '4', '490d0848-d19c-4573-a864-a13e0a0ae553');
COMMIT;

INSERT INTO `passenger` (`id`, `requirement`, `enrollmentId`) VALUES
('f11525c1-304c-447c-94de-d2373990c3f3', '1', '05b806e7-322f-474c-b355-15b6ee77fa5d');
COMMIT;




-- ------------------
-- WITH FILES -
-- ------------------
INSERT INTO `appointment` (`id`, `title`, `description`, `link`, `location`, `date`, `deadline`, `maxEnrollments`, `hidden`, `driverAddition`, `creatorId`, `iat`, `lud`) VALUES
('199db538-eb66-4b3c-9123-9620e45a4bfd', 'test-getappointment-files-title', 'test-getappointment-files-description', 'test-getappointment-files-link', 'test-getappointment-files-location', '2021-03-01 10:05:23', '2021-01-01 20:05:23', NULL, '0', '0', '9055cf00-0911-4311-9f3e-c3813dd4e4f9', '2021-03-14 20:05:23.000000', '2021-03-14 20:05:23.000000');
COMMIT;

INSERT INTO `file` (`id`, `name`, `data`, `appointmentId`) VALUES
('2e57b350-78fa-472b-b42f-b1de84dac157', 'testfile-1.pdf', 0x255044462d312e360a25c3a4c3bcc3b6c39f0a322030206f626a0a3c3c2f4c656e6774682033203020522f46696c7465722f466c6174654465636f64653e3e0a73747265616d0a789c2d4a4b0ac25010dbcf29b27631665eedfb80087d45f785012fe0075c0876e3f51da8847c4842357ce50382ca5491cdb41543699baf77b9eef0de1e81f529dd65cc5a5152d606bf617f3118e18f238d89030f1cff9a838535d0224decd14e9c636dec277fc9d96591053f709c1c340a656e6473747265616d0a656e646f626a0a0a332030206f626a0a3131320a656e646f626a0a0a352030206f626a0a3c3c2f4c656e6774682036203020522f46696c7465722f466c6174654465636f64652f4c656e6774683120393336343e3e0a73747265616d0a789ce5386b7813d795e7cee8e1876c497e08db329e31c2c6c4b6fc10ce83183cd89630d8806ce34402021a5bb225624baa24e340d3e2109210070c2934690a2d69d3479226650c49312925b4e9ee977c9bb4f9d276d3ddd042b369b66d08eea6491f9b20efb9576363c8e3c77efb6f47be73cfe39ef7b977669c880d07c000a3c083d437244717145a7200e0650092d3b72d21f687350e842f0070dfef8f0e0c7df5e4a6f701340700f4cf0c0c6eef1f19710d01185a0174bb8301d97fdb4f2e5703e4bc883aae0f22e1f0e5277500b988c2c2e050e28ec5dc735ac417225e3c18e993f7661ed0232e517c48be231ad7dccc23be0971312c0f05e475c34b10bf1320737b34124fac8745498092bf537e3416885e3af4810f402800d0ee401ac11fbd0c08ea28cef11aad4e9f969e916980ff8f97f665edcbf005ad13f2c1c7ee575d9aa590072300d31729367d717a4b0a4ede9abcf5ffd28bb4d4f40cfc089e8447e14584ee51597be08bf06d387bd5f2e7e125f81eec85d37018f6c1924f557b0af5dcc9a043b0e5d3ad93c7210277c0b7d0eedda8ef87b0998c111e7c9080bb60126dbb35139a17921df00e390e2f9074f83ca9e41e421f1e8237b4bfd6fcea630abf048fc3ed783f89f7c394c0bd075fe2964398fb36ef84fb31421fd781e417d0f65af816d9089b718785d00b40287895ae727e35dc079f4768782e47bbeba309c89c7e1f3dbe1ff6a32721f81c6c842e957d9cc35d02fb7801a3f93e3ccb680fccc8ea9ee0a3dc692eedf223f020fed6e0cf0f7e72171c85c793c1e411384c9cc40907927f9dfe23ecd03ab9356098bea4fdca477f813074402fb8e00f9f9e4dd5bf97c1f851c9f47bdc8790adb14046f2175835f5e23782e9f202eca63ba6ff9cf425bb718d5163d17e5b7b5cfb026c872dbabb3441c8d3fc0bebb85f2477628c6f605f3c87790369e5c60d5e4fcffaeeae4ef7bab56b3ada57af6a5be972b6b634af909a962f6bbc79e94d37de707d435d6d8dbdbaaa625179d942db8252a120cf6c3266676566a4a7e9755a0dcf11a81215e2732a7c996876c936a74d6eabae129d05c1d6ea2aa7cde55344595470d294dbdada18c9262ba24f54ca7192e7907d8a842bfbaf5929a5564ab32b89496c84466ac2262aafb4dac449b2a1d383f0be569b5754de65f01a066bca1992854869294a30afa8b7a253716d0b8e397de82399c8cc68b1b50432aaab60222313c14c84940a5b7482542c270ce02a9c4b273848cba2663152a7ec57dc9d1e67abb5b4d45b5db54ac9b6b53216b430958aae45d133956288ba0e0f88135567c7f64e9aa0d75769f0dbfcf2268fc2cb283bc63bc7c6ee53cc95ca625babb278c75b05187940a9b2b53a954aaab5bd6bd64efb159344d196996ce2d80780e1d8debd7835455629ba32d3074041856b514897a7945e5617e67a6ccc65135d63be3179727ab4d7269a6c631306c358d489e906b707554c4e3ff7805571edf52a265f902cf5aaa1bbbada95dcce8d1e852b7389411929f8d7642bbdd15a6a9e5de3fe3436605a303998e1d2529a86072625e8454419edf4a470117aadc741aaa9f42a9c8f72cece70f27b28677486332beeb3616ddbbb3d638aa66c95dfe6c48c3f202ba3bdd85d5b69616c2625fbafd652db588e59bca9c6cbd68ae8d52a7f4854b4e59824949a2b807d4345c64c0cc9fe6b6a7ad78a06cacd39e24d365443f5386d4e9ffab72d58800a444c745b65aa11d67b14a9150149562be69ca8ad4109d987050bb5b2622a35b6a892676b9ead2e75cb19eaf63011554cc96b51c0d7a74a29354eb6af44e798af35e502d565ebf49c02c7f4858925a2f584030f726f2b5d6c69c12e2b778e79fcfd8ae0b3fa71dff58b1e6ba92279b1c25e9b27e0a56d87195a7cc1ca9ac3cb7a65bda7bddbd6deb9c173a3ea488a41d569ca9cd7a8b179ac2935d8804a5a599ae8e1acbc17179a9020ba10b03537e25dd197a5e13061c21995366e73a3e8215698598d6e288b4567a0555d47f1ab946a693bb5b4cd68d35114f5b4b4594bbda5a9abba8a43b6a81a4689349ad4b619161e53c848c3fe6c6963249acb02daf4a2c716b0796d415191dc1e1a1b4d0fcbb29a0c9673b556ebafc2e6240bd304a5c89e4168321557a5756e7295950c9f45dbae61af9a618b6369b6f6ee31aadca62a04f47c9502b485a51bcd567616d00d6dc3b35734e196661b7a6c4292e8660e2ea54a6cabfc63b66e4f235b8de7c917ac3ba8ad1c6827edeb9bababf0686b9eb0913d9d1312d9d3bdc173ca84ef7c7bd67b8e73846bf1357b271622cf734ac48706a372944a891411294235752192c6d65b4f4900a38cab610486f74d1260b4b4191a81be492e4533a50c9533431270c8d1a438d2cc6a0dd2d252b4514663d704d09449195a294d4a970c5c16679d2094741c29cfe13b6a3a8113069245ac1328d5c5c8936474225db2a6568ce20a29e5e19e9e2ba67b36784e1800c5d81d0d35d30bdba52088c5c6c78a53f4d346b9d31b1cf379e966030b9606ff88426ccbb14cb6e5e888cea064d802cd4aa6ad99d29b28bd2945d751ba1e5b9458088a8f62eddd0aa11db0d1538a5b522c7ac93a667a9756ca8b87ca98e9f7d5e8dc4e7ceadfc55dc2af083d9448061de879e0d3d2b5f425bce6959a57cc39e4a69bcc0eb3a3aed6612e35f3a5e6d29d3c77571245b94b9773b8a1641e7d51c3b70fd08ce27baa1ecaa51c3d211a8e4b4b078d56b3c5abe5490e3435559ac141b5991d4c1b31dbcca50da5f9dc3f9d493a354b344f7c78abe6892347a8ae53a8ab10df53f2a0569aa7e17273f33232f332f32d7919f97aa3dbabd1633fa1424725143439661d44bd75b5b90e739ede71bd432c2436f39272db025dbed976ead9743ef427b2f9d950fccea3cf685f4eeeb879ec95e4dd976bb8937b763f7bf8f23e0c663fda0ca0cd74c8824649c83418b0d61aad36db9899d1edcd8434bddb9b66040daf717bf97c60d11434510f2a678362719595e6635834b4450d8e7cee8fe4ce8fae23df49fe98fce5c517c7c7c7f992f1d7ce9e652fb7f0dde98b9a859a762887b5d2757a9d905b54688042c8d569165508060b6f99eff64251b488cbe48b8a2c263ec3edd5eb790b34396a58e8355b36df86d601e3cf21f3d424b0dce6e96c0bca17dd50421c62c392f2450beda461c9f58e7acb3cbd9dd816e4e7590452c26916fef1673f7bbdf468ee171e26d9bd81e4dfc73b7ef992f25ad13733ef18f9a07bd3c863fbbb48c3578fddf58070cbbaef49eb0a57ac8e741ffcce3d3bf3da563fdcd866112ad60eb3576818c538f668d6c202a801bfb4b4da58589493b66891281619f9daba9c8a4e6f4e8ea1d85818293c5f3855385da8cde40b0b8b8b2d6e6fb1c960737bb5d0e9d56ad30c34320c2d95544c2f8dcf9c73534de56c786a7c65f537e4b3086dd9184e7983a9ec8606566cfda29cd27a4bbe39cf5256bf9c2c23fa6c0e83d5ac292a6d5de9dfa8d3ad98d8f5f547c93f5fdc9ad816cc386d27db5f7ce9bacbffee3bd47566db9d4e6f441f3585a2dbb73ef510b94dabb9f9eef87a8f992cfce144d2eeeed46dfa6a9757c3d5f67575f969ed7661cc3762cc4510944ab240afd3e5e6419eb5389a4b20d794ebcb8de68ee69ecdd5a5f3b993d36725d15ad2969b5b5060727b0b2cb490827ea77ebf9ed74bc8c0a29a58516fbb127a25c6fe39b5b7d5a8734d305b421d86e5a8bffe8679d99c6d01ec22dcfb3fb8587cd634baedeb070f7e6d70dc7c266be4a7db3f9806ae84649305c70e656f0cfdf48ddfbeb275c8e0fb9a9788a9bad11856610c99300f2aa4bc1c9d01745050988e7b2cddc4e763a36345665b5c3d0588092d7266538ea33e874fed30e68a66d587effee16f97fff0fea51fddffc8e103070e1c1de74a9253c9f36421ba308f1426ff947cfbf55ffefa17afbdf1afa02599b8bb36d16f113081197270af439936bfac7c51f922ba77cc967996798be62d6ae05b5072fc734b2c3c6afa1529c8bf69c0f4d383da714d9eabe45e4de3f887a5d596dcf42def8e27527beaccf49ff97f68d7e3f7f2f592559b9ecee5e5192df3cc06b7d76c49433e761be17962a4f9363bd45d7c25cf98e506071e22b889cd34ac549f3598cf3cb9f40ea224dd3df2bd8f3df19d6f7e937f6a9c1425df1ebf9c58d7b1e07efbfd87b8a3a99cde833975614ef3b033d649550500593a7d616eae3e8bb71617a0f982820c9309736b3265f06eef79dd948e1bd5119d2e83edebdbd416c04d5d30a7ef67b6b55a73325b01733ec1ae2fe548f337f60e1c2efa7ad53b8f5d4cfee39d77de4b96dd7b44cbb51593bffde067de35d577ee26e52487641221f966f27c0179edd823a48de66b0cebd08e7528008754642144c7715985451966b737839e7f78da59b44692cf8edb8f274b3dc4d5c3259f766636994ff0546f7d26f9df44f7e3dfb57df7ba929335c1ad75e41dfea98fd663de0a5f792a2bed41adc11ebc2d639cd58ce60d0edfb6e48b5b8c8d1f7042ea7f0e2fb6ecf8ee95af567ac2a097b3ff9048c9e99ec02f65984bb9ea229a57f0f9d681cf93fd40758dc22edc2a997006eea171c342580dbbe10c5980bf2324c9357241ee717cfc35334d59500b5a4855d58427db267c529ee2cdf8a4a4dc12129eb577cbac6d82fd7c8b0a73f82c0ca8308fdd30a8c21a5c73af0a6b211bbeacc23a841f53613dec8009154e833c52a9c2e9904d9a543883c4c91a15ce8462eeecec7fd0ecdc3915ce82063e4385b3a1886fa2de6bd2117b8af7aa3081128d568539c8d6d8549887259a3a15d6e09a800a6ba15873b70aeb103eaac27a785ff343154e830aed31154e8762edeb2a9cc1bdadfd8b0a67c28d69ffa6c206d8946e56e12cd89a3ea4c2d9b024fdf5d6d0402811da11f08b7e39218b7d91e8f658682098102bfa168bf5b575b5e2ca4864603020b64462d1484c4e8422617b46cbb5cbeac52e54d12627aac455e13e7b47a837905a2bae8984235d8181e14139b622de1708fb0331b15abc66c135e82d81589cc2f5f6da5abbe30af39aa5a1b8288b8998ec0f0cc9b1dbc548ffd54e88b1c040289e08c490180a8b3df66ebbe8961381704294c37e71fdace0bafefe505f8011fb02b1848c8b238920fab97538168afb437dd45adc3eebfe9c54742702db02e21a399108c423e166398eb6d0b396c8703c140e548923c1505f501c91e3a23f100f0d8491ddbb5dbc5a4a44ae8cd184c3916da8741b8ac502fdb1403c180a0f8871391c17e38158a85f552126827282c63e1448c4427df2e0e0762cdb5014457bb14e23a14490da8f85d0d3b5819127ed33de6082fa31b16268281a8b6c638e56c7fb62814018edc97eb93734184aa0aea01c93fb306d98bb505f9ca505b32146e570b57338168906d0d95b57765c5988eea5521a8f0c6e0bc4d9ea7020e08fd392f831d4411442c38391c8ed34a4fe480cddf42782d573fcee8f8413281a1165bf1f63c78445fa868768b130d78919e7e4be580479d14139815a86e2f66022115d5a533332326297d5faf46179eca8b9e6b37889edd1805a9218d53234d8813d10a6f51b6645a64174afea10d745313f2e744e5417548933ed5967af534d601a43d144dc1e0f0dda23b1819a75ae0e6885100ce048e0d88187951f441c32e232427d1081286c87185b1544aa0815485d8c733d1e8e7538445889ab22c81f4479115a108ea114bdcb4c6f04c260870cc6f96c6df50875a95eb431e92a8456a17c1f6ae840b95ee4ced52bc21a364798dc000ca31732ae580171940920c7cf2444a8c6f1d91a3e9b7b0be3c467e9f5e8512dfeece0f844c9cfd61a424d22cb718271a89743ccf3db911681fecfcc8488eb02ac6e71e40418e6675aa9ee1e5cd1cd56b99924cd4282590bb355eb3fc1e23ab4d88ff27dac86332bfb986eda0b29cd1184836a3eb762ae63cc033f939b892d8e963f9efd4fee8a6ee6dd3666730da3533cce78cd88c7d5b85239a33a865905c248a7f918416fa8ed20836596533fd3403b2cac4af762cf899f694b546565b5366156b96daaa7db546b34cbfdec1e6776c36843445866518bcc5b9a91fe6bbc1059d664568354dd87909b606bfb903e88bfedea6e1bc21ca5acf6aafb6984edcee06cfc542a95d3b5388f942e6095be3a37a90eea573b965aa57a632ca62b19ad6655a2f10498971492d9eeef4589416637e55790f589ccaa1c50ab9e60decf64cdaf46496d4719a51a9ccc5bbae7036a666fc5b3a2e31335a6b237b74b69650699bff139bac3cc5b3fa34566334d570daa9652110fb233e9f6d92af5b3ce4b65d3cfb4557f4abefb596e12aad508f3c88fbf54dd531d1641d96156c5d4ce4af575e2639993597e23aa5c949d4d09d59721b65382ac0fa3b0145f2f6bd03bfab3b36e9cbb7ffad4dd63577daef95fcb51bfa22c837377496cd69721f4b1433d07c2b3fb6f78ce4e9ea944379e461dece488aafde35233275ea381ee9d6b4fcf3ab457774d14a96e0c219e60fec4592eed2c8601e4af430b1da9776976256d78945dfbc68fd78a72d20d04df8c7b48973adf42d6e3f798407a7016705e070eb216e91d3853fe3258461a716ec4f54b71be19713a379025c747055861274bc0848363c38e1c07b4917a3c6a47f14e70a4a87528578b5423de098e14b506a9388388771f0efcd6c1bbc8a074623f4ea06792541f5f46a7aa13302d445798492b2aa063392a684105cd3837ab7813e2cba5811eb84c3e705708efb92a84ff725d27fcd9d520ecbf74f4d2b14b7c646aff14f7fc1479748a08535ba622533c5c942e7219efb8a685ff7cab5c78fbad65c2efdf2a118c6f91f9fff1a64b30be49a4375d16e177175cc2f3177e7ee1fc055ebae0b8de75c155209c2679b09ce4a0dd5cc9b08cef39bfec373dbf5d76ae0756e4100b7a44473e86770cef04c3ca07370e0ee847232166a99b9f167e43cef588e7dce746cf29e734c673e4d57c87b0e585c80b3b5fe09fff09f9b1bb5c889e21e299da3367cff0d133a36738e369e1345773bae974e4f4b1d3e74f6b4f3d5d2e8893b593eec9e8e4e8a496fe47a5783277b1cb74928827dd27474f2a2735a3cf2acf72c6134d27a64ef093244baa7cb24d18550e289ca29c555e55f89a634dc7b8479f569ee6ce3efdead35ccd534d4f7147bf47ce3ef9ea93dc8a2c62847a928d7100de4d38441c3c466192f289fb88ef48f408ffc843e5c2575ce542edc3d2c31cfa70e2214bb18bfa92fe50b6d9f58d438dc2a32bd289131ab1c756aab38b38a50abff065ebb4603c74ecd0f38778e9d0fc3a9774c862c59bc1e8321eac39d87470e7c1a9835ae373c40011629044ee4bfbca8507bba785f30748ed01221ca839c0450eec3cc0c17ed37e713fcffea5b4bfa0d8258ed78e73ebf66dd917d9c7d7ee25c6bdc2de9abdbcb4d794eb323d8f9fba228e5a1cfcf45992797c9ee83a4501c96dca733db0ab5cb87f75a3b0e7be65c27dbb1b857b574f0b47ef21a6dde2eedadd7ceddd64e72e22ed4a37b8e2589f08365718471129e8297414f4e81d7c8f0e2beb43de161ca7a62f10fd71a1dcc50049c82d766dded0266c72d5091b71de80736e7d4e8f96f03d9a7a1e3b3ded596ba360e4c92952480a8e3708d2244ef32a5c9324432a43855d6eab30d539ddc9499d0d37baa4ceb20ad7cfdde47c07e970cd17da5d6d827b9258a55eb21aebb10a1d6bc3b112c7311739ef9a7271a32e328fe4f758eaf37bccc4d863aa37f670b8d308eeaf62ab5f108c4dc62dc69d468dd158635c678c18f71bcf1ba78dfa26a44d19f908e021411eb5102d99240726d6775756b64feaa7bbda9574f74685ec51cabae95deadca0e8f628d0b361a367829071ef3dfbf641f3fc76a5bedba3f8e67bdb153f021205461130cd9fb040b3379e8827862b531751c13854562612383384717040e5cc4528422ae389445ca5a0046289ca6176af8cc76704e95a0400cda0fa389ea62894a88c137c0ee18452d4284a930430b138de664ca2a6cdf14ad81c67e86614410df1942fb3be6d8ea73c8dcf58645701c0ff00d9b37bb90a656e6473747265616d0a656e646f626a0a0a362030206f626a0a353736350a656e646f626a0a0a372030206f626a0a3c3c2f547970652f466f6e7444657363726970746f722f466f6e744e616d652f4241414141412b4c696265726174696f6e4d6f6e6f0a2f466c61677320350a2f466f6e7442426f785b2d343831202d33303020373431203938305d2f4974616c6963416e676c6520300a2f417363656e74203833320a2f44657363656e74202d3330300a2f436170486569676874203938300a2f5374656d562038300a2f466f6e7446696c65322035203020520a3e3e0a656e646f626a0a0a382030206f626a0a3c3c2f4c656e677468203237392f46696c7465722f466c6174654465636f64653e3e0a73747265616d0a789c5d91cd6e84201485f73c05cbe962023aa333931893a98d898bfea4761e40e16a492a12c4856f5fb84cdba40bc977b9e7c0f5c0aae6a9d1cab1373b8b161c1d9496169679b502680fa3d22449a954c2dd2b5cc5d419c2bcb7dd160753a387b928087bf7bdc5d98deeae72eee181b0572bc12a3dd2ddad6a7dddaec67cc104da514eca924a18fc39cf9d79e92660e8da37d2b795dbf6def227f8d80cd014eb248e2266098be904d84e8f400ace4b5ad4754940cb7f3dff0b68e907f1d9592f4dbc94f3ec587a4e91f373e043e44be023f2e91038434e79e03c6a92c0a7c8a83947ae035f225781aff11cbceb31ee6781abc8390e7c9f2c8c1eb2fd89848ad55a1f073e00e61012501a7edfc8cc26b8f0fb06fa5f874a0a656e6473747265616d0a656e646f626a0a0a392030206f626a0a3c3c2f547970652f466f6e742f537562747970652f54727565547970652f42617365466f6e742f4241414141412b4c696265726174696f6e4d6f6e6f0a2f46697273744368617220300a2f4c617374436861722031320a2f5769647468735b363030203630302036303020363030203630302036303020363030203630302036303020363030203630302036303020363030205d0a2f466f6e7444657363726970746f722037203020520a2f546f556e69636f64652038203020520a3e3e0a656e646f626a0a0a31302030206f626a0a3c3c2f46312039203020520a3e3e0a656e646f626a0a0a31312030206f626a0a3c3c2f466f6e74203130203020520a2f50726f635365745b2f5044462f546578745d0a3e3e0a656e646f626a0a0a312030206f626a0a3c3c2f547970652f506167652f506172656e742034203020522f5265736f7572636573203131203020522f4d65646961426f785b30203020363132203739325d2f47726f75703c3c2f532f5472616e73706172656e63792f43532f4465766963655247422f4920747275653e3e2f436f6e74656e74732032203020523e3e0a656e646f626a0a0a342030206f626a0a3c3c2f547970652f50616765730a2f5265736f7572636573203131203020520a2f4d65646961426f785b203020302036313220373932205d0a2f4b6964735b203120302052205d0a2f436f756e7420313e3e0a656e646f626a0a0a31322030206f626a0a3c3c2f547970652f436174616c6f672f50616765732034203020520a2f4f70656e416374696f6e5b3120302052202f58595a206e756c6c206e756c6c20305d0a2f4c616e6728656e2d5553290a3e3e0a656e646f626a0a0a31332030206f626a0a3c3c2f43726561746f723c464546463030353730303732303036393030373430303635303037323e0a2f50726f64756365723c464546463030344330303639303036323030373230303635303034463030363630303636303036393030363330303635303032303030333730303245303033303e0a2f4372656174696f6e4461746528443a32303231303331363137353635312b303127303027293e3e0a656e646f626a0a0a787265660a302031340a303030303030303030302036353533352066200a30303030303036393237203030303030206e200a30303030303030303139203030303030206e200a30303030303030323032203030303030206e200a30303030303037303730203030303030206e200a30303030303030323232203030303030206e200a30303030303036303731203030303030206e200a30303030303036303932203030303030206e200a30303030303036323835203030303030206e200a30303030303036363333203030303030206e200a30303030303036383430203030303030206e200a30303030303036383732203030303030206e200a30303030303037313639203030303030206e200a30303030303037323636203030303030206e200a747261696c65720a3c3c2f53697a652031342f526f6f74203132203020520a2f496e666f203133203020520a2f4944205b203c35324538364141444343413333394346333645304145313433394336464536313e0a3c35324538364141444343413333394346333645304145313433394336464536313e205d0a2f446f63436865636b73756d202f32393933343735324431384245454632464439373730343733394339334333390a3e3e0a7374617274787265660a373434310a2525454f460a, '199db538-eb66-4b3c-9123-9620e45a4bfd'),
('eea571f9-e374-46ad-bda4-4b9191db5961', 'testfile-2.pdf', 0x255044462d312e360a25c3a4c3bcc3b6c39f0a322030206f626a0a3c3c2f4c656e6774682033203020522f46696c7465722f466c6174654465636f64653e3e0a73747265616d0a789c2d4a4b0ac25010dbcf29b27631665eedfb80087d45f785012fe0075c0876e3f51da8847c4842357ce50382ca5491cdb41543699baf77b9eef0de1e81f529dd65cc5a5152d606bf617f3118e18f238d89030f1cff9a838535d0224decd14e9c636dec277fc9d96591053f709c1c340a656e6473747265616d0a656e646f626a0a0a332030206f626a0a3131320a656e646f626a0a0a352030206f626a0a3c3c2f4c656e6774682036203020522f46696c7465722f466c6174654465636f64652f4c656e6774683120393336343e3e0a73747265616d0a789ce5386b7813d795e7cee8e1876c497e08db329e31c2c6c4b6fc10ce83183cd89630d8806ce34402021a5bb225624baa24e340d3e2109210070c2934690a2d69d3479226650c49312925b4e9ee977c9bb4f9d276d3ddd042b369b66d08eea6491f9b20efb9576363c8e3c77efb6f47be73cfe39ef7b977669c880d07c000a3c083d437244717145a7200e0650092d3b72d21f687350e842f0070dfef8f0e0c7df5e4a6f701340700f4cf0c0c6eef1f19710d01185a0174bb8301d97fdb4f2e5703e4bc883aae0f22e1f0e5277500b988c2c2e050e28ec5dc735ac417225e3c18e993f7661ed0232e517c48be231ad7dccc23be0971312c0f05e475c34b10bf1320737b34124fac8745498092bf537e3416885e3af4810f402800d0ee401ac11fbd0c08ea28cef11aad4e9f969e916980ff8f97f665edcbf005ad13f2c1c7ee575d9aa590072300d31729367d717a4b0a4ede9abcf5ffd28bb4d4f40cfc089e8447e14584ee51597be08bf06d387bd5f2e7e125f81eec85d37018f6c1924f557b0af5dcc9a043b0e5d3ad93c7210277c0b7d0eedda8ef87b0998c111e7c9080bb60126dbb35139a17921df00e390e2f9074f83ca9e41e421f1e8237b4bfd6fcea630abf048fc3ed783f89f7c394c0bd075fe2964398fb36ef84fb31421fd781e417d0f65af816d9089b718785d00b40287895ae727e35dc079f4768782e47bbeba309c89c7e1f3dbe1ff6a32721f81c6c842e957d9cc35d02fb7801a3f93e3ccb680fccc8ea9ee0a3dc692eedf223f020fed6e0cf0f7e72171c85c793c1e411384c9cc40907927f9dfe23ecd03ab9356098bea4fdca477f813074402fb8e00f9f9e4dd5bf97c1f851c9f47bdc8790adb14046f2175835f5e23782e9f202eca63ba6ff9cf425bb718d5163d17e5b7b5cfb026c872dbabb3441c8d3fc0bebb85f2477628c6f605f3c87790369e5c60d5e4fcffaeeae4ef7bab56b3ada57af6a5be972b6b634af909a962f6bbc79e94d37de707d435d6d8dbdbaaa625179d942db8252a120cf6c3266676566a4a7e9755a0dcf11a81215e2732a7c996876c936a74d6eabae129d05c1d6ea2aa7cde55344595470d294dbdada18c9262ba24f54ca7192e7907d8a842bfbaf5929a5564ab32b89496c84466ac2262aafb4dac449b2a1d383f0be569b5754de65f01a066bca1992854869294a30afa8b7a253716d0b8e397de82399c8cc68b1b50432aaab60222313c14c84940a5b7482542c270ce02a9c4b273848cba2663152a7ec57dc9d1e67abb5b4d45b5db54ac9b6b53216b430958aae45d133956288ba0e0f88135567c7f64e9aa0d75769f0dbfcf2268fc2cb283bc63bc7c6ee53cc95ca625babb278c75b05187940a9b2b53a954aaab5bd6bd64efb159344d196996ce2d80780e1d8debd7835455629ba32d3074041856b514897a7945e5617e67a6ccc65135d63be3179727ab4d7269a6c631306c358d489e906b707554c4e3ff7805571edf52a265f902cf5aaa1bbbada95dcce8d1e852b7389411929f8d7642bbdd15a6a9e5de3fe3436605a303998e1d2529a86072625e8454419edf4a470117aadc741aaa9f42a9c8f72cece70f27b28677486332beeb3616ddbbb3d638aa66c95dfe6c48c3f202ba3bdd85d5b69616c2625fbafd652db588e59bca9c6cbd68ae8d52a7f4854b4e59824949a2b807d4345c64c0cc9fe6b6a7ad78a06cacd39e24d365443f5386d4e9ffab72d58800a444c745b65aa11d67b14a9150149562be69ca8ad4109d987050bb5b2622a35b6a892676b9ead2e75cb19eaf63011554cc96b51c0d7a74a29354eb6af44e798af35e502d565ebf49c02c7f4858925a2f584030f726f2b5d6c69c12e2b778e79fcfd8ae0b3fa71dff58b1e6ba92279b1c25e9b27e0a56d87195a7cc1ca9ac3cb7a65bda7bddbd6deb9c173a3ea488a41d569ca9cd7a8b179ac2935d8804a5a599ae8e1acbc17179a9020ba10b03537e25dd197a5e13061c21995366e73a3e8215698598d6e288b4567a0555d47f1ab946a693bb5b4cd68d35114f5b4b4594bbda5a9abba8a43b6a81a4689349ad4b619161e53c848c3fe6c6963249acb02daf4a2c716b0796d415191dc1e1a1b4d0fcbb29a0c9673b556ebafc2e6240bd304a5c89e4168321557a5756e7295950c9f45dbae61af9a618b6369b6f6ee31aadca62a04f47c9502b485a51bcd567616d00d6dc3b35734e196661b7a6c4292e8660e2ea54a6cabfc63b66e4f235b8de7c917ac3ba8ad1c6827edeb9bababf0686b9eb0913d9d1312d9d3bdc173ca84ef7c7bd67b8e73846bf1357b271622cf734ac48706a372944a891411294235752192c6d65b4f4900a38cab610486f74d1260b4b4191a81be492e4533a50c9533431270c8d1a438d2cc6a0dd2d252b4514663d704d09449195a294d4a970c5c16679d2094741c29cfe13b6a3a8113069245ac1328d5c5c8936474225db2a6568ce20a29e5e19e9e2ba67b36784e1800c5d81d0d35d30bdba52088c5c6c78a53f4d346b9d31b1cf379e966030b9606ff88426ccbb14cb6e5e888cea064d802cd4aa6ad99d29b28bd2945d751ba1e5b9458088a8f62eddd0aa11db0d1538a5b522c7ac93a667a9756ca8b87ca98e9f7d5e8dc4e7ceadfc55dc2af083d9448061de879e0d3d2b5f425bce6959a57cc39e4a69bcc0eb3a3aed6612e35f3a5e6d29d3c77571245b94b9773b8a1641e7d51c3b70fd08ce27baa1ecaa51c3d211a8e4b4b078d56b3c5abe5490e3435559ac141b5991d4c1b31dbcca50da5f9dc3f9d493a354b344f7c78abe6892347a8ae53a8ab10df53f2a0569aa7e17273f33232f332f32d7919f97aa3dbabd1633fa1424725143439661d44bd75b5b90e739ede71bd432c2436f39272db025dbed976ead9743ef427b2f9d950fccea3cf685f4eeeb879ec95e4dd976bb8937b763f7bf8f23e0c663fda0ca0cd74c8824649c83418b0d61aad36db9899d1edcd8434bddb9b66040daf717bf97c60d11434510f2a678362719595e6635834b4450d8e7cee8fe4ce8fae23df49fe98fce5c517c7c7c7f992f1d7ce9e652fb7f0dde98b9a859a762887b5d2757a9d905b54688042c8d569165508060b6f99eff64251b488cbe48b8a2c263ec3edd5eb790b34396a58e8355b36df86d601e3cf21f3d424b0dce6e96c0bca17dd50421c62c392f2450beda461c9f58e7acb3cbd9dd816e4e7590452c26916fef1673f7bbdf468ee171e26d9bd81e4dfc73b7ef992f25ad13733ef18f9a07bd3c863fbbb48c3578fddf58070cbbaef49eb0a57ac8e741ffcce3d3bf3da563fdcd866112ad60eb3576818c538f668d6c202a801bfb4b4da58589493b66891281619f9daba9c8a4e6f4e8ea1d85818293c5f3855385da8cde40b0b8b8b2d6e6fb1c960737bb5d0e9d56ad30c34320c2d95544c2f8dcf9c73534de56c786a7c65f537e4b3086dd9184e7983a9ec8606566cfda29cd27a4bbe39cf5256bf9c2c23fa6c0e83d5ac292a6d5de9dfa8d3ad98d8f5f547c93f5fdc9ad816cc386d27db5f7ce9bacbffee3bd47566db9d4e6f441f3585a2dbb73ef510b94dabb9f9eef87a8f992cfce144d2eeeed46dfa6a9757c3d5f67575f969ed7661cc3762cc4510944ab240afd3e5e6419eb5389a4b20d794ebcb8de68ee69ecdd5a5f3b993d36725d15ad2969b5b5060727b0b2cb490827ea77ebf9ed74bc8c0a29a58516fbb127a25c6fe39b5b7d5a8734d305b421d86e5a8bffe8679d99c6d01ec22dcfb3fb8587cd634baedeb070f7e6d70dc7c266be4a7db3f9806ae84649305c70e656f0cfdf48ddfbeb275c8e0fb9a9788a9bad11856610c99300f2aa4bc1c9d01745050988e7b2cddc4e763a36345665b5c3d0588092d7266538ea33e874fed30e68a66d587effee16f97fff0fea51fddffc8e103070e1c1de74a9253c9f36421ba308f1426ff947cfbf55ffefa17afbdf1afa02599b8bb36d16f113081197270af439936bfac7c51f922ba77cc967996798be62d6ae05b5072fc734b2c3c6afa1529c8bf69c0f4d383da714d9eabe45e4de3f887a5d596dcf42def8e27527beaccf49ff97f68d7e3f7f2f592559b9ecee5e5192df3cc06b7d76c49433e761be17962a4f9363bd45d7c25cf98e506071e22b889cd34ac549f3598cf3cb9f40ea224dd3df2bd8f3df19d6f7e937f6a9c1425df1ebf9c58d7b1e07efbfd87b8a3a99cde833975614ef3b033d649550500593a7d616eae3e8bb71617a0f982820c9309736b3265f06eef79dd948e1bd5119d2e83edebdbd416c04d5d30a7ef67b6b55a73325b01733ec1ae2fe548f337f60e1c2efa7ad53b8f5d4cfee39d77de4b96dd7b44cbb51593bffde067de35d577ee26e52487641221f966f27c0179edd823a48de66b0cebd08e7528008754642144c7715985451966b737839e7f78da59b44692cf8edb8f274b3dc4d5c3259f766636994ff0546f7d26f9df44f7e3dfb57df7ba929335c1ad75e41dfea98fd663de0a5f792a2bed41adc11ebc2d639cd58ce60d0edfb6e48b5b8c8d1f7042ea7f0e2fb6ecf8ee95af567ac2a097b3ff9048c9e99ec02f65984bb9ea229a57f0f9d681cf93fd40758dc22edc2a997006eea171c342580dbbe10c5980bf2324c9357241ee717cfc35334d59500b5a4855d58427db267c529ee2cdf8a4a4dc12129eb577cbac6d82fd7c8b0a73f82c0ca8308fdd30a8c21a5c73af0a6b211bbeacc23a841f53613dec8009154e833c52a9c2e9904d9a543883c4c91a15ce8462eeecec7fd0ecdc3915ce82063e4385b3a1886fa2de6bd2117b8af7aa3081128d568539c8d6d8549887259a3a15d6e09a800a6ba15873b70aeb103eaac27a785ff343154e830aed31154e8762edeb2a9cc1bdadfd8b0a67c28d69ffa6c206d8946e56e12cd89a3ea4c2d9b024fdf5d6d0402811da11f08b7e39218b7d91e8f658682098102bfa168bf5b575b5e2ca4864603020b64462d1484c4e8422617b46cbb5cbeac52e54d12627aac455e13e7b47a837905a2bae8984235d8181e14139b622de1708fb0331b15abc66c135e82d81589cc2f5f6da5abbe30af39aa5a1b8288b8998ec0f0cc9b1dbc548ffd54e88b1c040289e08c490180a8b3df66ebbe8961381704294c37e71fdace0bafefe505f8011fb02b1848c8b238920fab97538168afb437dd45adc3eebfe9c54742702db02e21a399108c423e166398eb6d0b396c8703c140e548923c1505f501c91e3a23f100f0d8491ddbb5dbc5a4a44ae8cd184c3916da8741b8ac502fdb1403c180a0f8871391c17e38158a85f552126827282c63e1448c4427df2e0e0762cdb5014457bb14e23a14490da8f85d0d3b5819127ed33de6082fa31b16268281a8b6c638e56c7fb62814018edc97eb93734184aa0aea01c93fb306d98bb505f9ca505b32146e570b57338168906d0d95b57765c5988eea5521a8f0c6e0bc4d9ea7020e08fd392f831d4411442c38391c8ed34a4fe480cddf42782d573fcee8f8413281a1165bf1f63c78445fa868768b130d78919e7e4be580479d14139815a86e2f66022115d5a533332326297d5faf46179eca8b9e6b37889edd1805a9218d53234d8813d10a6f51b6645a64174afea10d745313f2e744e5417548933ed5967af534d601a43d144dc1e0f0dda23b1819a75ae0e6885100ce048e0d88187951f441c32e232427d1081286c87185b1544aa0815485d8c733d1e8e7538445889ab22c81f4479115a108ea114bdcb4c6f04c260870cc6f96c6df50875a95eb431e92a8456a17c1f6ae840b95ee4ced52bc21a364798dc000ca31732ae580171940920c7cf2444a8c6f1d91a3e9b7b0be3c467e9f5e8512dfeece0f844c9cfd61a424d22cb718271a89743ccf3db911681fecfcc8488eb02ac6e71e40418e6675aa9ee1e5cd1cd56b99924cd4282590bb355eb3fc1e23ab4d88ff27dac86332bfb986eda0b29cd1184836a3eb762ae63cc033f939b892d8e963f9efd4fee8a6ee6dd3666730da3533cce78cd88c7d5b85239a33a865905c248a7f918416fa8ed20836596533fd3403b2cac4af762cf899f694b546565b5366156b96daaa7db546b34cbfdec1e6776c36843445866518bcc5b9a91fe6bbc1059d664568354dd87909b606bfb903e88bfedea6e1bc21ca5acf6aafb6984edcee06cfc542a95d3b5388f942e6095be3a37a90eea573b965aa57a632ca62b19ad6655a2f10498971492d9eeef4589416637e55790f589ccaa1c50ab9e60decf64cdaf46496d4719a51a9ccc5bbae7036a666fc5b3a2e31335a6b237b74b69650699bff139bac3cc5b3fa34566334d570daa9652110fb233e9f6d92af5b3ce4b65d3cfb4557f4abefb596e12aad508f3c88fbf54dd531d1641d96156c5d4ce4af575e2639993597e23aa5c949d4d09d59721b65382ac0fa3b0145f2f6bd03bfab3b36e9cbb7ffad4dd63577daef95fcb51bfa22c837377496cd69721f4b1433d07c2b3fb6f78ce4e9ea944379e461dece488aafde35233275ea381ee9d6b4fcf3ab457774d14a96e0c219e60fec4592eed2c8601e4af430b1da9776976256d78945dfbc68fd78a72d20d04df8c7b48973adf42d6e3f798407a7016705e070eb216e91d3853fe3258461a716ec4f54b71be19713a379025c747055861274bc0848363c38e1c07b4917a3c6a47f14e70a4a87528578b5423de098e14b506a9388388771f0efcd6c1bbc8a074623f4ea06792541f5f46a7aa13302d445798492b2aa063392a684105cd3837ab7813e2cba5811eb84c3e705708efb92a84ff725d27fcd9d520ecbf74f4d2b14b7c646aff14f7fc1479748a08535ba622533c5c942e7219efb8a685ff7cab5c78fbad65c2efdf2a118c6f91f9fff1a64b30be49a4375d16e177175cc2f3177e7ee1fc055ebae0b8de75c155209c2679b09ce4a0dd5cc9b08cef39bfec373dbf5d76ae0756e4100b7a44473e86770cef04c3ca07370e0ee847232166a99b9f167e43cef588e7dce746cf29e734c673e4d57c87b0e585c80b3b5fe09fff09f9b1bb5c889e21e299da3367cff0d133a36738e369e1345773bae974e4f4b1d3e74f6b4f3d5d2e8893b593eec9e8e4e8a496fe47a5783277b1cb74928827dd27474f2a2735a3cf2acf72c6134d27a64ef093244baa7cb24d18550e289ca29c555e55f89a634dc7b8479f569ee6ce3efdead35ccd534d4f7147bf47ce3ef9ea93dc8a2c62847a928d7100de4d38441c3c466192f289fb88ef48f408ffc843e5c2575ce542edc3d2c31cfa70e2214bb18bfa92fe50b6d9f58d438dc2a32bd289131ab1c756aab38b38a50abff065ebb4603c74ecd0f38778e9d0fc3a9774c862c59bc1e8321eac39d87470e7c1a9835ae373c40011629044ee4bfbca8507bba785f30748ed01221ca839c0450eec3cc0c17ed37e713fcffea5b4bfa0d8258ed78e73ebf66dd917d9c7d7ee25c6bdc2de9abdbcb4d794eb323d8f9fba228e5a1cfcf45992797c9ee83a4501c96dca733db0ab5cb87f75a3b0e7be65c27dbb1b857b574f0b47ef21a6dde2eedadd7ceddd64e72e22ed4a37b8e2589f08365718471129e8297414f4e81d7c8f0e2beb43de161ca7a62f10fd71a1dcc50049c82d766dded0266c72d5091b71de80736e7d4e8f96f03d9a7a1e3b3ded596ba360e4c92952480a8e3708d2244ef32a5c9324432a43855d6eab30d539ddc9499d0d37baa4ceb20ad7cfdde47c07e970cd17da5d6d827b9258a55eb21aebb10a1d6bc3b112c7311739ef9a7271a32e328fe4f758eaf37bccc4d863aa37f670b8d308eeaf62ab5f108c4dc62dc69d468dd158635c678c18f71bcf1ba78dfa26a44d19f908e021411eb5102d99240726d6775756b64feaa7bbda9574f74685ec51cabae95deadca0e8f628d0b361a367829071ef3dfbf641f3fc76a5bedba3f8e67bdb153f021205461130cd9fb040b3379e8827862b531751c13854562612383384717040e5cc4528422ae389445ca5a0046289ca6176af8cc76704e95a0400cda0fa389ea62894a88c137c0ee18452d4284a930430b138de664ca2a6cdf14ad81c67e86614410df1942fb3be6d8ea73c8dcf58645701c0ff00d9b37bb90a656e6473747265616d0a656e646f626a0a0a362030206f626a0a353736350a656e646f626a0a0a372030206f626a0a3c3c2f547970652f466f6e7444657363726970746f722f466f6e744e616d652f4241414141412b4c696265726174696f6e4d6f6e6f0a2f466c61677320350a2f466f6e7442426f785b2d343831202d33303020373431203938305d2f4974616c6963416e676c6520300a2f417363656e74203833320a2f44657363656e74202d3330300a2f436170486569676874203938300a2f5374656d562038300a2f466f6e7446696c65322035203020520a3e3e0a656e646f626a0a0a382030206f626a0a3c3c2f4c656e677468203237392f46696c7465722f466c6174654465636f64653e3e0a73747265616d0a789c5d91cd6e84201485f73c05cbe962023aa333931893a98d898bfea4761e40e16a492a12c4856f5fb84cdba40bc977b9e7c0f5c0aae6a9d1cab1373b8b161c1d9496169679b502680fa3d22449a954c2dd2b5cc5d419c2bcb7dd160753a387b928087bf7bdc5d98deeae72eee181b0572bc12a3dd2ddad6a7dddaec67cc104da514eca924a18fc39cf9d79e92660e8da37d2b795dbf6def227f8d80cd014eb248e2266098be904d84e8f400ace4b5ad4754940cb7f3dff0b68e907f1d9592f4dbc94f3ec587a4e91f373e043e44be023f2e91038434e79e03c6a92c0a7c8a83947ae035f225781aff11cbceb31ee6781abc8390e7c9f2c8c1eb2fd89848ad55a1f073e00e61012501a7edfc8cc26b8f0fb06fa5f874a0a656e6473747265616d0a656e646f626a0a0a392030206f626a0a3c3c2f547970652f466f6e742f537562747970652f54727565547970652f42617365466f6e742f4241414141412b4c696265726174696f6e4d6f6e6f0a2f46697273744368617220300a2f4c617374436861722031320a2f5769647468735b363030203630302036303020363030203630302036303020363030203630302036303020363030203630302036303020363030205d0a2f466f6e7444657363726970746f722037203020520a2f546f556e69636f64652038203020520a3e3e0a656e646f626a0a0a31302030206f626a0a3c3c2f46312039203020520a3e3e0a656e646f626a0a0a31312030206f626a0a3c3c2f466f6e74203130203020520a2f50726f635365745b2f5044462f546578745d0a3e3e0a656e646f626a0a0a312030206f626a0a3c3c2f547970652f506167652f506172656e742034203020522f5265736f7572636573203131203020522f4d65646961426f785b30203020363132203739325d2f47726f75703c3c2f532f5472616e73706172656e63792f43532f4465766963655247422f4920747275653e3e2f436f6e74656e74732032203020523e3e0a656e646f626a0a0a342030206f626a0a3c3c2f547970652f50616765730a2f5265736f7572636573203131203020520a2f4d65646961426f785b203020302036313220373932205d0a2f4b6964735b203120302052205d0a2f436f756e7420313e3e0a656e646f626a0a0a31322030206f626a0a3c3c2f547970652f436174616c6f672f50616765732034203020520a2f4f70656e416374696f6e5b3120302052202f58595a206e756c6c206e756c6c20305d0a2f4c616e6728656e2d5553290a3e3e0a656e646f626a0a0a31332030206f626a0a3c3c2f43726561746f723c464546463030353730303732303036393030373430303635303037323e0a2f50726f64756365723c464546463030344330303639303036323030373230303635303034463030363630303636303036393030363330303635303032303030333730303245303033303e0a2f4372656174696f6e4461746528443a32303231303331363137353635312b303127303027293e3e0a656e646f626a0a0a787265660a302031340a303030303030303030302036353533352066200a30303030303036393237203030303030206e200a30303030303030303139203030303030206e200a30303030303030323032203030303030206e200a30303030303037303730203030303030206e200a30303030303030323232203030303030206e200a30303030303036303731203030303030206e200a30303030303036303932203030303030206e200a30303030303036323835203030303030206e200a30303030303036363333203030303030206e200a30303030303036383430203030303030206e200a30303030303036383732203030303030206e200a30303030303037313639203030303030206e200a30303030303037323636203030303030206e200a747261696c65720a3c3c2f53697a652031342f526f6f74203132203020520a2f496e666f203133203020520a2f4944205b203c35324538364141444343413333394346333645304145313433394336464536313e0a3c35324538364141444343413333394346333645304145313433394336464536313e205d0a2f446f63436865636b73756d202f32393933343735324431384245454632464439373730343733394339334333390a3e3e0a7374617274787265660a373434310a2525454f460a, '199db538-eb66-4b3c-9123-9620e45a4bfd'),
('3b3fee67-51ae-4fa8-a303-7251bd28d7ce', 'testfile-3.pdf', 0x255044462d312e360a25c3a4c3bcc3b6c39f0a322030206f626a0a3c3c2f4c656e6774682033203020522f46696c7465722f466c6174654465636f64653e3e0a73747265616d0a789c2d4a4b0ac25010dbcf29b27631665eedfb80087d45f785012fe0075c0876e3f51da8847c4842357ce50382ca5491cdb41543699baf77b9eef0de1e81f529dd65cc5a5152d606bf617f3118e18f238d89030f1cff9a838535d0224decd14e9c636dec277fc9d96591053f709c1c340a656e6473747265616d0a656e646f626a0a0a332030206f626a0a3131320a656e646f626a0a0a352030206f626a0a3c3c2f4c656e6774682036203020522f46696c7465722f466c6174654465636f64652f4c656e6774683120393336343e3e0a73747265616d0a789ce5386b7813d795e7cee8e1876c497e08db329e31c2c6c4b6fc10ce83183cd89630d8806ce34402021a5bb225624baa24e340d3e2109210070c2934690a2d69d3479226650c49312925b4e9ee977c9bb4f9d276d3ddd042b369b66d08eea6491f9b20efb9576363c8e3c77efb6f47be73cfe39ef7b977669c880d07c000a3c083d437244717145a7200e0650092d3b72d21f687350e842f0070dfef8f0e0c7df5e4a6f701340700f4cf0c0c6eef1f19710d01185a0174bb8301d97fdb4f2e5703e4bc883aae0f22e1f0e5277500b988c2c2e050e28ec5dc735ac417225e3c18e993f7661ed0232e517c48be231ad7dccc23be0971312c0f05e475c34b10bf1320737b34124fac8745498092bf537e3416885e3af4810f402800d0ee401ac11fbd0c08ea28cef11aad4e9f969e916980ff8f97f665edcbf005ad13f2c1c7ee575d9aa590072300d31729367d717a4b0a4ede9abcf5ffd28bb4d4f40cfc089e8447e14584ee51597be08bf06d387bd5f2e7e125f81eec85d37018f6c1924f557b0af5dcc9a043b0e5d3ad93c7210277c0b7d0eedda8ef87b0998c111e7c9080bb60126dbb35139a17921df00e390e2f9074f83ca9e41e421f1e8237b4bfd6fcea630abf048fc3ed783f89f7c394c0bd075fe2964398fb36ef84fb31421fd781e417d0f65af816d9089b718785d00b40287895ae727e35dc079f4768782e47bbeba309c89c7e1f3dbe1ff6a32721f81c6c842e957d9cc35d02fb7801a3f93e3ccb680fccc8ea9ee0a3dc692eedf223f020fed6e0cf0f7e72171c85c793c1e411384c9cc40907927f9dfe23ecd03ab9356098bea4fdca477f813074402fb8e00f9f9e4dd5bf97c1f851c9f47bdc8790adb14046f2175835f5e23782e9f202eca63ba6ff9cf425bb718d5163d17e5b7b5cfb026c872dbabb3441c8d3fc0bebb85f2477628c6f605f3c87790369e5c60d5e4fcffaeeae4ef7bab56b3ada57af6a5be972b6b634af909a962f6bbc79e94d37de707d435d6d8dbdbaaa625179d942db8252a120cf6c3266676566a4a7e9755a0dcf11a81215e2732a7c996876c936a74d6eabae129d05c1d6ea2aa7cde55344595470d294dbdada18c9262ba24f54ca7192e7907d8a842bfbaf5929a5564ab32b89496c84466ac2262aafb4dac449b2a1d383f0be569b5754de65f01a066bca1992854869294a30afa8b7a253716d0b8e397de82399c8cc68b1b50432aaab60222313c14c84940a5b7482542c270ce02a9c4b273848cba2663152a7ec57dc9d1e67abb5b4d45b5db54ac9b6b53216b430958aae45d133956288ba0e0f88135567c7f64e9aa0d75769f0dbfcf2268fc2cb283bc63bc7c6ee53cc95ca625babb278c75b05187940a9b2b53a954aaab5bd6bd64efb159344d196996ce2d80780e1d8debd7835455629ba32d3074041856b514897a7945e5617e67a6ccc65135d63be3179727ab4d7269a6c631306c358d489e906b707554c4e3ff7805571edf52a265f902cf5aaa1bbbada95dcce8d1e852b7389411929f8d7642bbdd15a6a9e5de3fe3436605a303998e1d2529a86072625e8454419edf4a470117aadc741aaa9f42a9c8f72cece70f27b28677486332beeb3616ddbbb3d638aa66c95dfe6c48c3f202ba3bdd85d5b69616c2625fbafd652db588e59bca9c6cbd68ae8d52a7f4854b4e59824949a2b807d4345c64c0cc9fe6b6a7ad78a06cacd39e24d365443f5386d4e9ffab72d58800a444c745b65aa11d67b14a9150149562be69ca8ad4109d987050bb5b2622a35b6a892676b9ead2e75cb19eaf63011554cc96b51c0d7a74a29354eb6af44e798af35e502d565ebf49c02c7f4858925a2f584030f726f2b5d6c69c12e2b778e79fcfd8ae0b3fa71dff58b1e6ba92279b1c25e9b27e0a56d87195a7cc1ca9ac3cb7a65bda7bddbd6deb9c173a3ea488a41d569ca9cd7a8b179ac2935d8804a5a599ae8e1acbc17179a9020ba10b03537e25dd197a5e13061c21995366e73a3e8215698598d6e288b4567a0555d47f1ab946a693bb5b4cd68d35114f5b4b4594bbda5a9abba8a43b6a81a4689349ad4b619161e53c848c3fe6c6963249acb02daf4a2c716b0796d415191dc1e1a1b4d0fcbb29a0c9673b556ebafc2e6240bd304a5c89e4168321557a5756e7295950c9f45dbae61af9a618b6369b6f6ee31aadca62a04f47c9502b485a51bcd567616d00d6dc3b35734e196661b7a6c4292e8660e2ea54a6cabfc63b66e4f235b8de7c917ac3ba8ad1c6827edeb9bababf0686b9eb0913d9d1312d9d3bdc173ca84ef7c7bd67b8e73846bf1357b271622cf734ac48706a372944a891411294235752192c6d65b4f4900a38cab610486f74d1260b4b4191a81be492e4533a50c9533431270c8d1a438d2cc6a0dd2d252b4514663d704d09449195a294d4a970c5c16679d2094741c29cfe13b6a3a8113069245ac1328d5c5c8936474225db2a6568ce20a29e5e19e9e2ba67b36784e1800c5d81d0d35d30bdba52088c5c6c78a53f4d346b9d31b1cf379e966030b9606ff88426ccbb14cb6e5e888cea064d802cd4aa6ad99d29b28bd2945d751ba1e5b9458088a8f62eddd0aa11db0d1538a5b522c7ac93a667a9756ca8b87ca98e9f7d5e8dc4e7ceadfc55dc2af083d9448061de879e0d3d2b5f425bce6959a57cc39e4a69bcc0eb3a3aed6612e35f3a5e6d29d3c77571245b94b9773b8a1641e7d51c3b70fd08ce27baa1ecaa51c3d211a8e4b4b078d56b3c5abe5490e3435559ac141b5991d4c1b31dbcca50da5f9dc3f9d493a354b344f7c78abe6892347a8ae53a8ab10df53f2a0569aa7e17273f33232f332f32d7919f97aa3dbabd1633fa1424725143439661d44bd75b5b90e739ede71bd432c2436f39272db025dbed976ead9743ef427b2f9d950fccea3cf685f4eeeb879ec95e4dd976bb8937b763f7bf8f23e0c663fda0ca0cd74c8824649c83418b0d61aad36db9899d1edcd8434bddb9b66040daf717bf97c60d11434510f2a678362719595e6635834b4450d8e7cee8fe4ce8fae23df49fe98fce5c517c7c7c7f992f1d7ce9e652fb7f0dde98b9a859a762887b5d2757a9d905b54688042c8d569165508060b6f99eff64251b488cbe48b8a2c263ec3edd5eb790b34396a58e8355b36df86d601e3cf21f3d424b0dce6e96c0bca17dd50421c62c392f2450beda461c9f58e7acb3cbd9dd816e4e7590452c26916fef1673f7bbdf468ee171e26d9bd81e4dfc73b7ef992f25ad13733ef18f9a07bd3c863fbbb48c3578fddf58070cbbaef49eb0a57ac8e741ffcce3d3bf3da563fdcd866112ad60eb3576818c538f668d6c202a801bfb4b4da58589493b66891281619f9daba9c8a4e6f4e8ea1d85818293c5f3855385da8cde40b0b8b8b2d6e6fb1c960737bb5d0e9d56ad30c34320c2d95544c2f8dcf9c73534de56c786a7c65f537e4b3086dd9184e7983a9ec8606566cfda29cd27a4bbe39cf5256bf9c2c23fa6c0e83d5ac292a6d5de9dfa8d3ad98d8f5f547c93f5fdc9ad816cc386d27db5f7ce9bacbffee3bd47566db9d4e6f441f3585a2dbb73ef510b94dabb9f9eef87a8f992cfce144d2eeeed46dfa6a9757c3d5f67575f969ed7661cc3762cc4510944ab240afd3e5e6419eb5389a4b20d794ebcb8de68ee69ecdd5a5f3b993d36725d15ad2969b5b5060727b0b2cb490827ea77ebf9ed74bc8c0a29a58516fbb127a25c6fe39b5b7d5a8734d305b421d86e5a8bffe8679d99c6d01ec22dcfb3fb8587cd634baedeb070f7e6d70dc7c266be4a7db3f9806ae84649305c70e656f0cfdf48ddfbeb275c8e0fb9a9788a9bad11856610c99300f2aa4bc1c9d01745050988e7b2cddc4e763a36345665b5c3d0588092d7266538ea33e874fed30e68a66d587effee16f97fff0fea51fddffc8e103070e1c1de74a9253c9f36421ba308f1426ff947cfbf55ffefa17afbdf1afa02599b8bb36d16f113081197270af439936bfac7c51f922ba77cc967996798be62d6ae05b5072fc734b2c3c6afa1529c8bf69c0f4d383da714d9eabe45e4de3f887a5d596dcf42def8e27527beaccf49ff97f68d7e3f7f2f592559b9ecee5e5192df3cc06b7d76c49433e761be17962a4f9363bd45d7c25cf98e506071e22b889cd34ac549f3598cf3cb9f40ea224dd3df2bd8f3df19d6f7e937f6a9c1425df1ebf9c58d7b1e07efbfd87b8a3a99cde833975614ef3b033d649550500593a7d616eae3e8bb71617a0f982820c9309736b3265f06eef79dd948e1bd5119d2e83edebdbd416c04d5d30a7ef67b6b55a73325b01733ec1ae2fe548f337f60e1c2efa7ad53b8f5d4cfee39d77de4b96dd7b44cbb51593bffde067de35d577ee26e52487641221f966f27c0179edd823a48de66b0cebd08e7528008754642144c7715985451966b737839e7f78da59b44692cf8edb8f274b3dc4d5c3259f766636994ff0546f7d26f9df44f7e3dfb57df7ba929335c1ad75e41dfea98fd663de0a5f792a2bed41adc11ebc2d639cd58ce60d0edfb6e48b5b8c8d1f7042ea7f0e2fb6ecf8ee95af567ac2a097b3ff9048c9e99ec02f65984bb9ea229a57f0f9d681cf93fd40758dc22edc2a997006eea171c342580dbbe10c5980bf2324c9357241ee717cfc35334d59500b5a4855d58427db267c529ee2cdf8a4a4dc12129eb577cbac6d82fd7c8b0a73f82c0ca8308fdd30a8c21a5c73af0a6b211bbeacc23a841f53613dec8009154e833c52a9c2e9904d9a543883c4c91a15ce8462eeecec7fd0ecdc3915ce82063e4385b3a1886fa2de6bd2117b8af7aa3081128d568539c8d6d8549887259a3a15d6e09a800a6ba15873b70aeb103eaac27a785ff343154e830aed31154e8762edeb2a9cc1bdadfd8b0a67c28d69ffa6c206d8946e56e12cd89a3ea4c2d9b024fdf5d6d0402811da11f08b7e39218b7d91e8f658682098102bfa168bf5b575b5e2ca4864603020b64462d1484c4e8422617b46cbb5cbeac52e54d12627aac455e13e7b47a837905a2bae8984235d8181e14139b622de1708fb0331b15abc66c135e82d81589cc2f5f6da5abbe30af39aa5a1b8288b8998ec0f0cc9b1dbc548ffd54e88b1c040289e08c490180a8b3df66ebbe8961381704294c37e71fdace0bafefe505f8011fb02b1848c8b238920fab97538168afb437dd45adc3eebfe9c54742702db02e21a399108c423e166398eb6d0b396c8703c140e548923c1505f501c91e3a23f100f0d8491ddbb5dbc5a4a44ae8cd184c3916da8741b8ac502fdb1403c180a0f8871391c17e38158a85f552126827282c63e1448c4427df2e0e0762cdb5014457bb14e23a14490da8f85d0d3b5819127ed33de6082fa31b16268281a8b6c638e56c7fb62814018edc97eb93734184aa0aea01c93fb306d98bb505f9ca505b32146e570b57338168906d0d95b57765c5988eea5521a8f0c6e0bc4d9ea7020e08fd392f831d4411442c38391c8ed34a4fe480cddf42782d573fcee8f8413281a1165bf1f63c78445fa868768b130d78919e7e4be580479d14139815a86e2f66022115d5a533332326297d5faf46179eca8b9e6b37889edd1805a9218d53234d8813d10a6f51b6645a64174afea10d745313f2e744e5417548933ed5967af534d601a43d144dc1e0f0dda23b1819a75ae0e6885100ce048e0d88187951f441c32e232427d1081286c87185b1544aa0815485d8c733d1e8e7538445889ab22c81f4479115a108ea114bdcb4c6f04c260870cc6f96c6df50875a95eb431e92a8456a17c1f6ae840b95ee4ced52bc21a364798dc000ca31732ae580171940920c7cf2444a8c6f1d91a3e9b7b0be3c467e9f5e8512dfeece0f844c9cfd61a424d22cb718271a89743ccf3db911681fecfcc8488eb02ac6e71e40418e6675aa9ee1e5cd1cd56b99924cd4282590bb355eb3fc1e23ab4d88ff27dac86332bfb986eda0b29cd1184836a3eb762ae63cc033f939b892d8e963f9efd4fee8a6ee6dd3666730da3533cce78cd88c7d5b85239a33a865905c248a7f918416fa8ed20836596533fd3403b2cac4af762cf899f694b546565b5366156b96daaa7db546b34cbfdec1e6776c36843445866518bcc5b9a91fe6bbc1059d664568354dd87909b606bfb903e88bfedea6e1bc21ca5acf6aafb6984edcee06cfc542a95d3b5388f942e6095be3a37a90eea573b965aa57a632ca62b19ad6655a2f10498971492d9eeef4589416637e55790f589ccaa1c50ab9e60decf64cdaf46496d4719a51a9ccc5bbae7036a666fc5b3a2e31335a6b237b74b69650699bff139bac3cc5b3fa34566334d570daa9652110fb233e9f6d92af5b3ce4b65d3cfb4557f4abefb596e12aad508f3c88fbf54dd531d1641d96156c5d4ce4af575e2639993597e23aa5c949d4d09d59721b65382ac0fa3b0145f2f6bd03bfab3b36e9cbb7ffad4dd63577daef95fcb51bfa22c837377496cd69721f4b1433d07c2b3fb6f78ce4e9ea944379e461dece488aafde35233275ea381ee9d6b4fcf3ab457774d14a96e0c219e60fec4592eed2c8601e4af430b1da9776976256d78945dfbc68fd78a72d20d04df8c7b48973adf42d6e3f798407a7016705e070eb216e91d3853fe3258461a716ec4f54b71be19713a379025c747055861274bc0848363c38e1c07b4917a3c6a47f14e70a4a87528578b5423de098e14b506a9388388771f0efcd6c1bbc8a074623f4ea06792541f5f46a7aa13302d445798492b2aa063392a684105cd3837ab7813e2cba5811eb84c3e705708efb92a84ff725d27fcd9d520ecbf74f4d2b14b7c646aff14f7fc1479748a08535ba622533c5c942e7219efb8a685ff7cab5c78fbad65c2efdf2a118c6f91f9fff1a64b30be49a4375d16e177175cc2f3177e7ee1fc055ebae0b8de75c155209c2679b09ce4a0dd5cc9b08cef39bfec373dbf5d76ae0756e4100b7a44473e86770cef04c3ca07370e0ee847232166a99b9f167e43cef588e7dce746cf29e734c673e4d57c87b0e585c80b3b5fe09fff09f9b1bb5c889e21e299da3367cff0d133a36738e369e1345773bae974e4f4b1d3e74f6b4f3d5d2e8893b593eec9e8e4e8a496fe47a5783277b1cb74928827dd27474f2a2735a3cf2acf72c6134d27a64ef093244baa7cb24d18550e289ca29c555e55f89a634dc7b8479f569ee6ce3efdead35ccd534d4f7147bf47ce3ef9ea93dc8a2c62847a928d7100de4d38441c3c466192f289fb88ef48f408ffc843e5c2575ce542edc3d2c31cfa70e2214bb18bfa92fe50b6d9f58d438dc2a32bd289131ab1c756aab38b38a50abff065ebb4603c74ecd0f38778e9d0fc3a9774c862c59bc1e8321eac39d87470e7c1a9835ae373c40011629044ee4bfbca8507bba785f30748ed01221ca839c0450eec3cc0c17ed37e713fcffea5b4bfa0d8258ed78e73ebf66dd917d9c7d7ee25c6bdc2de9abdbcb4d794eb323d8f9fba228e5a1cfcf45992797c9ee83a4501c96dca733db0ab5cb87f75a3b0e7be65c27dbb1b857b574f0b47ef21a6dde2eedadd7ceddd64e72e22ed4a37b8e2589f08365718471129e8297414f4e81d7c8f0e2beb43de161ca7a62f10fd71a1dcc50049c82d766dded0266c72d5091b71de80736e7d4e8f96f03d9a7a1e3b3ded596ba360e4c92952480a8e3708d2244ef32a5c9324432a43855d6eab30d539ddc9499d0d37baa4ceb20ad7cfdde47c07e970cd17da5d6d827b9258a55eb21aebb10a1d6bc3b112c7311739ef9a7271a32e328fe4f758eaf37bccc4d863aa37f670b8d308eeaf62ab5f108c4dc62dc69d468dd158635c678c18f71bcf1ba78dfa26a44d19f908e021411eb5102d99240726d6775756b64feaa7bbda9574f74685ec51cabae95deadca0e8f628d0b361a367829071ef3dfbf641f3fc76a5bedba3f8e67bdb153f021205461130cd9fb040b3379e8827862b531751c13854562612383384717040e5cc4528422ae389445ca5a0046289ca6176af8cc76704e95a0400cda0fa389ea62894a88c137c0ee18452d4284a930430b138de664ca2a6cdf14ad81c67e86614410df1942fb3be6d8ea73c8dcf58645701c0ff00d9b37bb90a656e6473747265616d0a656e646f626a0a0a362030206f626a0a353736350a656e646f626a0a0a372030206f626a0a3c3c2f547970652f466f6e7444657363726970746f722f466f6e744e616d652f4241414141412b4c696265726174696f6e4d6f6e6f0a2f466c61677320350a2f466f6e7442426f785b2d343831202d33303020373431203938305d2f4974616c6963416e676c6520300a2f417363656e74203833320a2f44657363656e74202d3330300a2f436170486569676874203938300a2f5374656d562038300a2f466f6e7446696c65322035203020520a3e3e0a656e646f626a0a0a382030206f626a0a3c3c2f4c656e677468203237392f46696c7465722f466c6174654465636f64653e3e0a73747265616d0a789c5d91cd6e84201485f73c05cbe962023aa333931893a98d898bfea4761e40e16a492a12c4856f5fb84cdba40bc977b9e7c0f5c0aae6a9d1cab1373b8b161c1d9496169679b502680fa3d22449a954c2dd2b5cc5d419c2bcb7dd160753a387b928087bf7bdc5d98deeae72eee181b0572bc12a3dd2ddad6a7dddaec67cc104da514eca924a18fc39cf9d79e92660e8da37d2b795dbf6def227f8d80cd014eb248e2266098be904d84e8f400ace4b5ad4754940cb7f3dff0b68e907f1d9592f4dbc94f3ec587a4e91f373e043e44be023f2e91038434e79e03c6a92c0a7c8a83947ae035f225781aff11cbceb31ee6781abc8390e7c9f2c8c1eb2fd89848ad55a1f073e00e61012501a7edfc8cc26b8f0fb06fa5f874a0a656e6473747265616d0a656e646f626a0a0a392030206f626a0a3c3c2f547970652f466f6e742f537562747970652f54727565547970652f42617365466f6e742f4241414141412b4c696265726174696f6e4d6f6e6f0a2f46697273744368617220300a2f4c617374436861722031320a2f5769647468735b363030203630302036303020363030203630302036303020363030203630302036303020363030203630302036303020363030205d0a2f466f6e7444657363726970746f722037203020520a2f546f556e69636f64652038203020520a3e3e0a656e646f626a0a0a31302030206f626a0a3c3c2f46312039203020520a3e3e0a656e646f626a0a0a31312030206f626a0a3c3c2f466f6e74203130203020520a2f50726f635365745b2f5044462f546578745d0a3e3e0a656e646f626a0a0a312030206f626a0a3c3c2f547970652f506167652f506172656e742034203020522f5265736f7572636573203131203020522f4d65646961426f785b30203020363132203739325d2f47726f75703c3c2f532f5472616e73706172656e63792f43532f4465766963655247422f4920747275653e3e2f436f6e74656e74732032203020523e3e0a656e646f626a0a0a342030206f626a0a3c3c2f547970652f50616765730a2f5265736f7572636573203131203020520a2f4d65646961426f785b203020302036313220373932205d0a2f4b6964735b203120302052205d0a2f436f756e7420313e3e0a656e646f626a0a0a31322030206f626a0a3c3c2f547970652f436174616c6f672f50616765732034203020520a2f4f70656e416374696f6e5b3120302052202f58595a206e756c6c206e756c6c20305d0a2f4c616e6728656e2d5553290a3e3e0a656e646f626a0a0a31332030206f626a0a3c3c2f43726561746f723c464546463030353730303732303036393030373430303635303037323e0a2f50726f64756365723c464546463030344330303639303036323030373230303635303034463030363630303636303036393030363330303635303032303030333730303245303033303e0a2f4372656174696f6e4461746528443a32303231303331363137353635312b303127303027293e3e0a656e646f626a0a0a787265660a302031340a303030303030303030302036353533352066200a30303030303036393237203030303030206e200a30303030303030303139203030303030206e200a30303030303030323032203030303030206e200a30303030303037303730203030303030206e200a30303030303030323232203030303030206e200a30303030303036303731203030303030206e200a30303030303036303932203030303030206e200a30303030303036323835203030303030206e200a30303030303036363333203030303030206e200a30303030303036383430203030303030206e200a30303030303036383732203030303030206e200a30303030303037313639203030303030206e200a30303030303037323636203030303030206e200a747261696c65720a3c3c2f53697a652031342f526f6f74203132203020520a2f496e666f203133203020520a2f4944205b203c35324538364141444343413333394346333645304145313433394336464536313e0a3c35324538364141444343413333394346333645304145313433394336464536313e205d0a2f446f63436865636b73756d202f32393933343735324431384245454632464439373730343733394339334333390a3e3e0a7374617274787265660a373434310a2525454f460a, '199db538-eb66-4b3c-9123-9620e45a4bfd');
COMMIT;







-- ######################
-- # UPDATE APPOINTMENT #
-- ######################

-- ---------
-- DEFAULT -
-- ---------
-- JWT_User with ID 1eeae237-1baf-4e79-9d46-85f6354aa521 // APPOINTMENT CREATOR
-- JWT_User with ID cb833f06-24ec-4078-97f8-a0ee888d670b // APPOINTMENT ADMIN

INSERT INTO `appointment` (`id`, `title`, `description`, `link`, `location`, `date`, `deadline`, `maxEnrollments`, `hidden`, `driverAddition`, `creatorId`, `iat`, `lud`) VALUES
('a878bc77-f012-418a-a3f3-c13a8556d3b8', 'test-updateappointment-title', 'test-updateappointment-description', 'test-updateappointment-link', 'test-updateappointment-location', '2021-03-01 10:05:23', '2021-01-01 20:05:23', NULL, '0', '0', '1eeae237-1baf-4e79-9d46-85f6354aa521', '2021-03-14 20:05:23.000000', '2021-03-14 20:05:23.000000');
COMMIT;

INSERT INTO `administrator` (`id`, `userId`, `appointmentId`) VALUES
('27fec157-9afd-4fb3-a89c-7e8203ac45a9', 'cb833f06-24ec-4078-97f8-a0ee888d670b', 'a878bc77-f012-418a-a3f3-c13a8556d3b8');
COMMIT;

-- ---------
-- FAILURE -
-- ---------
-- ---------------------
-- MISSING PERMISSIONS -
-- ---------------------
INSERT INTO `appointment` (`id`, `title`, `description`, `link`, `location`, `date`, `deadline`, `maxEnrollments`, `hidden`, `driverAddition`, `creatorId`, `iat`, `lud`) VALUES
('d1fffbb1-a6c4-486f-acad-2a85162546c7', 'test-updateappointment-missingpermissions-title', 'test-updateappointment-missingpermissions-description', 'test-updateappointment-missingpermissions-link', 'test-updateappointment-missingpermissions-location', '2021-03-01 10:05:23', '2021-01-01 20:05:23', NULL, '0', '0', NULL, '2021-03-14 20:05:23.000000', '2021-03-14 20:05:23.000000');
COMMIT;

-- ---------
-- FAILURE -
-- ---------
-- ----------
-- EXISTING -
-- ----------
INSERT INTO `appointment` (`id`, `title`, `description`, `link`, `location`, `date`, `deadline`, `maxEnrollments`, `hidden`, `driverAddition`, `creatorId`, `iat`, `lud`) VALUES
('d435c986-90de-4f5f-9e71-155fdcd4b1ee', 'test-updateappointment-link-existinglink-title', 'test-updateappointment-link-existinglink-description', 'test-updateappointment-link-existinglink-link', 'test-updateappointment-link-existinglink-location', '2021-03-01 10:05:23', '2021-01-01 20:05:23', NULL, '0', '0', NULL, '2021-03-14 20:05:23.000000', '2021-03-14 20:05:23.000000');
COMMIT;

-- ------
-- DATE -
-- ------
INSERT INTO `appointment` (`id`, `title`, `description`, `link`, `location`, `date`, `deadline`, `maxEnrollments`, `hidden`, `driverAddition`, `creatorId`, `iat`, `lud`) VALUES
('a2a9a1f0-d15f-4801-9e83-1f6d6f60efe1', 'test-updateappointment-date-title', 'test-updateappointment-date-description', 'test-updateappointment-date-link', 'test-updateappointment-date-location', '2021-03-01 10:05:23', '2021-01-01 20:05:23', NULL, '0', '0', '1eeae237-1baf-4e79-9d46-85f6354aa521', '2021-03-14 20:05:23.000000', '2021-03-14 20:05:23.000000');
COMMIT;

-- --------
-- HIDDEN -
-- --------
INSERT INTO `appointment` (`id`, `title`, `description`, `link`, `location`, `date`, `deadline`, `maxEnrollments`, `hidden`, `driverAddition`, `creatorId`, `iat`, `lud`) VALUES
('d89301f0-9b22-4ee4-9acf-35eaba489355', 'test-updateappointment-hidden-title', 'test-updateappointment-hidden-description', 'test-updateappointment-hidden-link', 'test-updateappointment-hidden-location', '2021-03-01 10:05:23', '2021-01-01 20:05:23', NULL, '0', '0', '1eeae237-1baf-4e79-9d46-85f6354aa521', '2021-03-14 20:05:23.000000', '2021-03-14 20:05:23.000000');
COMMIT;

INSERT INTO `enrollment` (`id`, `name`, `comment`, `creatorId`, `iat`, `lud`, `appointmentId`) VALUES
('843ffe10-6639-48f7-bdc7-a6565cc4a4ca', 'test-updateappointment-hidden-name-1', 'test-updateappointment-hidden-comment-1', NULL, '2021-01-01 05:05:23', '2021-03-01 05:05:23', 'd89301f0-9b22-4ee4-9acf-35eaba489355'),
('3c61784f-28bc-4598-aa1a-393bb61c84de', 'test-updateappointment-hidden-name-2', 'test-updateappointment-hidden-comment-2', NULL, '2021-01-01 05:06:23', '2021-03-01 05:06:23', 'd89301f0-9b22-4ee4-9acf-35eaba489355'),
('4bdcb4d7-b82c-408a-8669-142671cc7584', 'test-updateappointment-hidden-name-3', 'test-updateappointment-hidden-comment-3', NULL, '2021-01-01 05:07:23', '2021-03-01 05:07:23', 'd89301f0-9b22-4ee4-9acf-35eaba489355');
COMMIT;

-- ########################
-- # MANAGEMENT RELATIONS #
-- ########################

-- ---------
-- DEFAULT -
-- ---------
-- JWT_User with ID e0d19817-511f-40e7-b8f8-53181627f7fe // APPOINTMENT CREATOR
-- JWT_User with ID 4fea9e64-7821-46d5-950c-504166b89eb4 // APPOINTMENT ADMIN
-- JWT_User with ID fa0f57f4-3d2c-4253-bbf7-616f56ece2ce // REGULAR USER

INSERT INTO `appointment` (`id`, `title`, `description`, `link`, `location`, `date`, `deadline`, `maxEnrollments`, `hidden`, `driverAddition`, `creatorId`, `iat`, `lud`) VALUES
('9455a87c-fa7a-4dcf-856d-36ad9d3a4686', 'test-appointment-managementrelations-title', 'test-appointment-managementrelations-description', 'test-appointment-managementrelations-link', 'test-appointment-managementrelations-location', '2021-03-01 10:05:23', '2021-01-01 20:05:23', NULL, '0', '0', 'e0d19817-511f-40e7-b8f8-53181627f7fe', '2021-03-14 20:05:23.000000', '2021-03-14 20:05:23.000000');
COMMIT;

INSERT INTO `administrator` (`id`, `userId`, `appointmentId`) VALUES
('5c3fe498-9a01-4b68-84e7-3de210b88cdf', '4fea9e64-7821-46d5-950c-504166b89eb4', '9455a87c-fa7a-4dcf-856d-36ad9d3a4686');
COMMIT;


-- -----------------------
-- MANAGE ADMINISTRATORS -
-- -----------------------
-- ---------
-- DEFAULT -
-- ---------
-- JWT_User with ID a67cfcc1-10ae-4200-a06e-e3ba93953663 // APPOINTMENT CREATOR
-- JWT_User with ID 16167e00-8998-4a95-a24a-b45a0a5c37c5 // ADMIN-1
-- JWT_User with ID 113e07f2-203a-44b1-97b0-cb1f976531e0 // ADMIN-2
-- JWT_User with ID ee9406e1-0fc8-4d55-ab9a-6426434a3a2c // DUMMY
-- -----
-- ADD -
-- -----
-- ---------
-- FAILURE -
-- ---------
INSERT INTO `appointment` (`id`, `title`, `description`, `link`, `location`, `date`, `deadline`, `maxEnrollments`, `hidden`, `driverAddition`, `creatorId`, `iat`, `lud`) VALUES
('ce3fa150-49e8-4173-9166-2e368bc5d0ea', 'test-manageadministrators-existingadmin-title', 'test-manageadministrators-existingadmin-description', 'test-manageadministrators-existingadmin-link', 'test-manageadministrators-existingadmin-location', '2021-03-01 10:05:23', '2021-01-01 20:05:23', NULL, '0', '0', 'a67cfcc1-10ae-4200-a06e-e3ba93953663', '2021-03-14 20:05:23.000000', '2021-03-14 20:05:23.000000');
COMMIT;

INSERT INTO `administrator` (`id`, `userId`, `appointmentId`) VALUES
('80615bcb-3dad-46b8-8de5-dbead120c3f8', '16167e00-8998-4a95-a24a-b45a0a5c37c5', 'ce3fa150-49e8-4173-9166-2e368bc5d0ea');
COMMIT;

-- --------------
-- MANAGE FILES -
-- --------------
-- ---------
-- DEFAULT -
-- ---------
-- JWT_User with ID ce1898da-4e02-47f3-af1b-7a2d65e4790d // APPOINTMENT CREATOR
-- JWT_User with ID 6300a257-4230-4f45-8b52-de1a62a0c9c8 // ADMIN

-- ------
-- PINS -
-- ------
-- ---------
-- DEFAULT -
-- ---------
-- JWT_User with ID 23ea4a81-fa16-4371-925e-115f7208be6f // PINNER











-- #####################
-- # CREATE ENROLLMENT #
-- #####################

-- ---------
-- DEFAULT -
-- ---------
-- JWT_User with ID 5352299e-6554-4fb9-bd77-95932b79b7ab // APPOINTMENT CREATOR
-- JWT_User with ID 528c97cb-4eb8-410f-a38c-df544819af28 // ENROLLMENT CREATOR
INSERT INTO `appointment` (`id`, `title`, `description`, `link`, `location`, `date`, `deadline`, `maxEnrollments`, `hidden`, `driverAddition`, `creatorId`, `iat`, `lud`) VALUES
('dc75975d-97d6-4706-9978-ec2b452861de', 'test-createenrollment-title', 'test-createenrollment-description', 'test-createenrollment-link', 'test-createenrollment-location', '2021-03-01 10:05:23', '2021-01-01 20:05:23', NULL, '0', '0', '5352299e-6554-4fb9-bd77-95932b79b7ab', '2021-03-14 20:05:23.000000', '2021-03-14 20:05:23.000000');
COMMIT;

-- ---------
-- FAILURE -
-- ---------
-- ---------------------
-- EXISTING ENROLLMENT -
-- ---------------------
INSERT INTO `appointment` (`id`, `title`, `description`, `link`, `location`, `date`, `deadline`, `maxEnrollments`, `hidden`, `driverAddition`, `creatorId`, `iat`, `lud`) VALUES
('fc0cf2d4-f04d-4da2-8164-f7912ba74096', 'test-createenrollment-existingenrollment-title', 'test-createenrollment-existingenrollment-description', 'test-createenrollment-existingenrollment-link', 'test-createenrollment-existingenrollment-location', '2021-03-01 10:05:23', '2021-01-01 20:05:23', NULL, '0', '0', '5352299e-6554-4fb9-bd77-95932b79b7ab', '2021-03-14 20:05:23.000000', '2021-03-14 20:05:23.000000');
COMMIT;
INSERT INTO `enrollment` (`id`, `name`, `comment`, `creatorId`, `iat`, `lud`, `appointmentId`) VALUES
('dffa4356-232c-4379-8313-71a27422b2a7', 'test-createenrollment-existingenrollment-name', 'test-createenrollment-existingenrollment-comment', NULL, '2021-01-01 05:05:23', '2021-03-01 05:05:23', 'fc0cf2d4-f04d-4da2-8164-f7912ba74096'),
('b19ad9d6-0dea-4e31-bfde-887b3a1a071e', NULL, 'test-createenrollment-existingenrollment-creator-comment', '528c97cb-4eb8-410f-a38c-df544819af28', '2021-01-01 05:09:23', '2021-03-01 05:09:23', 'fc0cf2d4-f04d-4da2-8164-f7912ba74096');
COMMIT;

-- -----------
-- ADDITIONS -
-- -----------
INSERT INTO `appointment` (`id`, `title`, `description`, `link`, `location`, `date`, `deadline`, `maxEnrollments`, `hidden`, `driverAddition`, `creatorId`, `iat`, `lud`) VALUES
('6aa6486c-8f20-458a-9c2f-94ef2849061a', 'test-createenrollment-additions-title', 'test-createenrollment-additions-description', 'test-createenrollment-additions-link', 'test-createenrollment-additions-location', '2021-03-01 10:05:23', '2021-01-01 20:05:23', NULL, '0', '0', '5352299e-6554-4fb9-bd77-95932b79b7ab', '2021-03-14 20:05:23.000000', '2021-03-14 20:05:23.000000');
COMMIT;

INSERT INTO `addition` (`id`, `name`, `order`, `appointmentId`) VALUES
('626cceb8-916f-4132-b035-ce8eb8403510', 'test-createenrollment-additions-name-1', '0', '6aa6486c-8f20-458a-9c2f-94ef2849061a'),
('b190aa03-72d1-4687-8579-0fed36aa78a4', 'test-createenrollment-additions-name-2', '1', '6aa6486c-8f20-458a-9c2f-94ef2849061a'),
('c96e5fe9-a648-4171-92d4-9c7e96c8ccbf', 'test-createenrollment-additions-name-3', '2', '6aa6486c-8f20-458a-9c2f-94ef2849061a'),
('e828a2bc-8f00-4926-affc-5dc98b322f12', 'test-createenrollment-additions-name-4', '3', '6aa6486c-8f20-458a-9c2f-94ef2849061a');
COMMIT;

-- -----------------
-- DRIVER ADDITION -
-- -----------------
INSERT INTO `appointment` (`id`, `title`, `description`, `link`, `location`, `date`, `deadline`, `maxEnrollments`, `hidden`, `driverAddition`, `creatorId`, `iat`, `lud`) VALUES
('635bcf12-98ae-4d79-9b25-f695f85d6710', 'test-createenrollment-driverAddition-title', 'test-createenrollment-driverAddition-description', 'test-createenrollment-driverAddition-link', 'test-createenrollment-driverAddition-location', '2021-03-01 10:05:23', '2021-01-01 20:05:23', NULL, '0', '1', '5352299e-6554-4fb9-bd77-95932b79b7ab', '2021-03-14 20:05:23.000000', '2021-03-14 20:05:23.000000');
COMMIT;






-- #########################
-- # ENROLLMENT PERMISSION #
-- #########################
-- ---------
-- DEFAULT -
-- ---------
-- JWT_User with ID 30815c97-37f7-4547-a863-9f70e4cd2348 // APPOINTMENT CREATOR
-- JWT_User with ID befb26b2-8cbf-4641-b9af-d8fba189ac0a // APPOINTMENT ADMIN
-- JWT_User with ID 53527fb6-f591-4294-ba0c-f1b5c7ac50f1 // ENROLLMENT CREATOR
-- JWT_User with ID 30815c97-37f7-4547-a863-9f70e4cd2348 // REGULAR USER
INSERT INTO `appointment` (`id`, `title`, `description`, `link`, `location`, `date`, `deadline`, `maxEnrollments`, `hidden`, `driverAddition`, `creatorId`, `iat`, `lud`) VALUES
('7e4995df-936c-438d-bd11-ba691b3eb177', 'test-enrollmentpermission-title', 'test-enrollmentpermission-description', 'test-enrollmentpermission-link', 'test-enrollmentpermission -location', '2021-03-01 10:05:23', '2021-01-01 20:05:23', NULL, '0', '1', '30815c97-37f7-4547-a863-9f70e4cd2348', '2021-03-14 20:05:23.000000', '2021-03-14 20:05:23.000000');
COMMIT;

INSERT INTO `administrator` (`id`, `userId`, `appointmentId`) VALUES
('589e8145-3dd5-4522-ad5a-5d3eb4a81b5b', 'befb26b2-8cbf-4641-b9af-d8fba189ac0a', '7e4995df-936c-438d-bd11-ba691b3eb177');
COMMIT;

INSERT INTO `enrollment` (`id`, `name`, `comment`, `creatorId`, `iat`, `lud`, `appointmentId`) VALUES
('cde285ef-b0b0-466c-86a9-bf146a39b59d', 'test-enrollmentpermission-name-1', 'test-enrollmentpermission-comment-1', NULL, '2021-01-01 05:05:23', '2021-03-01 05:05:23', '7e4995df-936c-438d-bd11-ba691b3eb177'),
('13fe4f6c-b1ef-4b94-8e3c-95ee95e3efb5', NULL, 'test-enrollmentpermission-comment-2-creator', '53527fb6-f591-4294-ba0c-f1b5c7ac50f1', '2021-01-01 05:09:23', '2021-03-01 05:09:23', '7e4995df-936c-438d-bd11-ba691b3eb177');
COMMIT;





-- #####################
-- # ENROLLMENT UPDATE #
-- #####################
-- ---------
-- DEFAULT -
-- ---------
-- JWT_User with ID 721a16f8-db82-4fa1-9cb3-97032cc33da6 // APPOINTMENT CREATOR
-- JWT_User with ID efa6668c-b949-4084-ac97-cbf802251179 // APPOINTMENT ADMIN
-- JWT_User with ID 69f81e64-31c9-4b97-a03b-d0b98268e46c // ENROLLMENT CREATOR
-- JWT_User with ID b038cca3-0a23-4314-9a13-22153f2a4f40 // REGULAR USaER

INSERT INTO `appointment` (`id`, `title`, `description`, `link`, `location`, `date`, `deadline`, `maxEnrollments`, `hidden`, `driverAddition`, `creatorId`, `iat`, `lud`) VALUES
('2a0f2a6b-6cfa-4fa9-ac04-eea268090cc4', 'test-updateenrollment-title', 'test-updateenrollment-description', 'test-updateenrollment-link', 'test-updateenrollment-location', '2021-03-01 10:05:23', '2021-01-01 20:05:23', NULL, '0', '1', '721a16f8-db82-4fa1-9cb3-97032cc33da6', '2021-03-14 20:05:23.000000', '2021-03-14 20:05:23.000000');
COMMIT;

INSERT INTO `administrator` (`id`, `userId`, `appointmentId`) VALUES
('71fa1551-c749-48af-955b-98ff55ae7972', 'efa6668c-b949-4084-ac97-cbf802251179', '2a0f2a6b-6cfa-4fa9-ac04-eea268090cc4');
COMMIT;

INSERT INTO `enrollment` (`id`, `name`, `comment`, `creatorId`, `iat`, `lud`, `appointmentId`) VALUES
('36aa22e6-43cf-42c1-a10b-8a4de1460e0d', 'test-updateenrollment-name', 'test-updateenrollment-comment', NULL, '2021-01-01 05:05:23', '2021-03-01 05:05:23', '2a0f2a6b-6cfa-4fa9-ac04-eea268090cc4'),
('e0bce961-7b26-40b8-b1f8-39b6da3b586d', 'test-updateenrollment-existingname-name', 'test-updateenrollment-existingname-comment', NULL, '2021-01-01 05:05:23', '2021-03-01 05:05:23', '2a0f2a6b-6cfa-4fa9-ac04-eea268090cc4'),
('1f4815c0-a38a-4f72-a1ad-9f36f61494cf', NULL , 'test-updateenrollment-comment-creator', '69f81e64-31c9-4b97-a03b-d0b98268e46c', '2021-01-01 05:05:23', '2021-03-01 05:05:23', '2a0f2a6b-6cfa-4fa9-ac04-eea268090cc4');
COMMIT;

-- -----------
-- ADDITIONS -
-- -----------

INSERT INTO `appointment` (`id`, `title`, `description`, `link`, `location`, `date`, `deadline`, `maxEnrollments`, `hidden`, `driverAddition`, `creatorId`, `iat`, `lud`) VALUES
('1c50a32b-0533-4628-8261-555f66398ffb', 'test-updateenrollment-additions-title', 'test-updateenrollment-additions-description', 'test-updateenrollment-additions-link', 'test-updateenrollment-additions-location', '2021-03-01 10:05:23', '2021-01-01 20:05:23', NULL, '0', '0', '721a16f8-db82-4fa1-9cb3-97032cc33da6', '2021-03-14 20:05:23.000000', '2021-03-14 20:05:23.000000');
COMMIT;

INSERT INTO `addition` (`id`, `name`, `order`, `appointmentId`) VALUES
('47c04799-b6e4-4160-abd0-49c046d1a8e8', 'test-updateenrollment-additions-name-1', '0', '1c50a32b-0533-4628-8261-555f66398ffb'),
('0e352275-6e92-474c-b5af-9810b000d8bb', 'test-updateenrollment-additions-name-2', '1', '1c50a32b-0533-4628-8261-555f66398ffb'),
('a04fcbba-1c4e-4c60-b7f1-46f9b03a1de6', 'test-updateenrollment-additions-name-3', '2', '1c50a32b-0533-4628-8261-555f66398ffb'),
('a3600ddc-66ef-4d9c-9937-ff29e69630c9', 'test-updateenrollment-additions-name-4', '3', '1c50a32b-0533-4628-8261-555f66398ffb');
COMMIT;

INSERT INTO `enrollment` (`id`, `name`, `comment`, `creatorId`, `iat`, `lud`, `appointmentId`) VALUES
('9dd1e2c9-416f-4e47-963c-f6c916b13f3b', 'test-updateenrollment-additions-name', 'test-updateenrollment-additions-comment', NULL, '2021-01-01 05:05:23', '2021-03-01 05:05:23', '1c50a32b-0533-4628-8261-555f66398ffb');
COMMIT;
